gameid,team,player,champion,kills,deaths,assists,win_loss
ESPORTSTMNT04_1960677,Dplus KIA,Khan,Graves,4,1,5,Win
ESPORTSTMNT04_1960677,Dplus KIA,Canyon,Trundle,1,1,13,Win
ESPORTSTMNT04_1960677,Dplus KIA,ShowMaker,LeBlanc,6,0,10,Win
ESPORTSTMNT04_1960677,Dplus KIA,Ghost,Miss Fortune,6,0,3,Win
ESPORTSTMNT04_1960677,Dplus KIA,BeryL,Yuumi,1,0,12,Win
ESPORTSTMNT04_1960677,FunPlus Phoenix,Nuguri,Jayce,1,3,0,Loss
ESPORTSTMNT04_1960677,FunPlus Phoenix,Tian,Jarvan IV,0,4,2,Loss
ESPORTSTMNT04_1960677,FunPlus Phoenix,Doinb,Galio,0,4,2,Loss
ESPORTSTMNT04_1960677,FunPlus Phoenix,Lwx,Kai'Sa,1,2,0,Loss
ESPORTSTMNT04_1960677,FunPlus Phoenix,Crisp,Nautilus,0,5,0,Loss
ESPORTSTMNT04_1960694,Royal Never Give Up,Xiaohu,Syndra,3,1,9,Win
ESPORTSTMNT04_1960694,Royal Never Give Up,Wei,Jarvan IV,3,3,9,Win
ESPORTSTMNT04_1960694,Royal Never Give Up,Cryin,Twisted Fate,3,3,4,Win
ESPORTSTMNT04_1960694,Royal Never Give Up,GALA,Miss Fortune,5,1,4,Win
ESPORTSTMNT04_1960694,Royal Never Give Up,Ming,Rell,2,1,7,Win
ESPORTSTMNT04_1960694,TALON,Hanabi,Kennen,1,4,6,Loss
ESPORTSTMNT04_1960694,TALON,River,Lee Sin,1,4,7,Loss
ESPORTSTMNT04_1960694,TALON,Maple,Tryndamere,5,2,2,Loss
ESPORTSTMNT04_1960694,TALON,Unified,Aphelios,2,4,2,Loss
ESPORTSTMNT04_1960694,TALON,Kaiwing,Thresh,0,2,5,Loss
ESPORTSTMNT04_1960703,Hanwha Life Esports,Morgan,Kennen,4,1,9,Win
ESPORTSTMNT04_1960703,Hanwha Life Esports,Willer,Lee Sin,4,0,18,Win
ESPORTSTMNT04_1960703,Hanwha Life Esports,Chovy,Yasuo,6,1,12,Win
ESPORTSTMNT04_1960703,Hanwha Life Esports,Deft,Aphelios,9,2,9,Win
ESPORTSTMNT04_1960703,Hanwha Life Esports,Vsta,Thresh,2,1,21,Win
ESPORTSTMNT04_1960703,Fnatic,Adam,Sett,2,5,0,Loss
ESPORTSTMNT04_1960703,Fnatic,Bwipo,Graves,2,5,1,Loss
ESPORTSTMNT04_1960703,Fnatic,Nisqy,Ryze,0,5,2,Loss
ESPORTSTMNT04_1960703,Fnatic,BEAN,Miss Fortune,0,2,3,Loss
ESPORTSTMNT04_1960703,Fnatic,Hylissang,Braum,1,8,3,Loss
ESPORTSTMNT04_1960714,LNG Esports,Ale,Gwen,1,2,0,Loss
ESPORTSTMNT04_1960714,LNG Esports,Tarzan,Lee Sin,0,1,1,Loss
ESPORTSTMNT04_1960714,LNG Esports,ICON,Sylas,0,3,0,Loss
ESPORTSTMNT04_1960714,LNG Esports,Light,Aphelios,0,1,0,Loss
ESPORTSTMNT04_1960714,LNG Esports,Iwandy,Rakan,0,1,0,Loss
ESPORTSTMNT04_1960714,Gen.G,Rascal,Renekton,3,1,1,Win
ESPORTSTMNT04_1960714,Gen.G,Clid,Xin Zhao,1,0,3,Win
ESPORTSTMNT04_1960714,Gen.G,Bdd,Zoe,2,0,2,Win
ESPORTSTMNT04_1960714,Gen.G,Ruler,Miss Fortune,2,0,2,Win
ESPORTSTMNT04_1960714,Gen.G,Life,Leona,0,0,4,Win
ESPORTSTMNT04_1960720,T1,Canna,Graves,3,1,9,Win
ESPORTSTMNT04_1960720,T1,Oner,Talon,11,1,6,Win
ESPORTSTMNT04_1960720,T1,Faker,Azir,4,0,5,Win
ESPORTSTMNT04_1960720,T1,Gumayusi,Jhin,1,0,6,Win
ESPORTSTMNT04_1960720,T1,Keria,Yuumi,3,0,14,Win
ESPORTSTMNT04_1960720,DetonatioN FocusMe,Evi,Sett,1,5,0,Loss
ESPORTSTMNT04_1960720,DetonatioN FocusMe,Steal,Lillia,1,7,1,Loss
ESPORTSTMNT04_1960720,DetonatioN FocusMe,Aria,Orianna,0,3,0,Loss
ESPORTSTMNT04_1960720,DetonatioN FocusMe,Yutapon,Ezreal,0,3,1,Loss
ESPORTSTMNT04_1960720,DetonatioN FocusMe,Gaeng,Leona,0,4,0,Loss
ESPORTSTMNT04_1960728,EDward Gaming,Flandre,Graves,3,0,5,Win
ESPORTSTMNT04_1960728,EDward Gaming,Jiejie,Lee Sin,6,0,8,Win
ESPORTSTMNT04_1960728,EDward Gaming,Scout,LeBlanc,6,0,5,Win
ESPORTSTMNT04_1960728,EDward Gaming,Viper,Kai'Sa,3,0,9,Win
ESPORTSTMNT04_1960728,EDward Gaming,Meiko,Nautilus,1,6,12,Win
ESPORTSTMNT04_1960728,100 Thieves,Ssumday,Aatrox,4,2,0,Loss
ESPORTSTMNT04_1960728,100 Thieves,Closer,Jarvan IV,0,6,5,Loss
ESPORTSTMNT04_1960728,100 Thieves,Abbedagge,Zoe,0,5,3,Loss
ESPORTSTMNT04_1960728,100 Thieves,FBI,Miss Fortune,1,3,2,Loss
ESPORTSTMNT04_1960728,100 Thieves,huhi,Yuumi,1,3,4,Loss
ESPORTSTMNT04_1960739,Team Liquid,Alphari,Camille,2,3,4,Win
ESPORTSTMNT04_1960739,Team Liquid,Santorin,Xin Zhao,5,2,10,Win
ESPORTSTMNT04_1960739,Team Liquid,Jensen,LeBlanc,3,2,11,Win
ESPORTSTMNT04_1960739,Team Liquid,Tactical,Ezreal,6,1,4,Win
ESPORTSTMNT04_1960739,Team Liquid,CoreJJ,Leona,0,1,9,Win
ESPORTSTMNT04_1960739,MAD Lions KOI,Armut,Jax,2,3,6,Loss
ESPORTSTMNT04_1960739,MAD Lions KOI,Elyoya,Jarvan IV,0,5,9,Loss
ESPORTSTMNT04_1960739,MAD Lions KOI,Humanoid,Twisted Fate,2,3,5,Loss
ESPORTSTMNT04_1960739,MAD Lions KOI,Carzzy,Aphelios,5,2,2,Loss
ESPORTSTMNT04_1960739,MAD Lions KOI,Kaiser,Rell,0,3,2,Loss
ESPORTSTMNT04_1960743,Rogue,Odoamne,Rumble,2,2,6,Win
ESPORTSTMNT04_1960743,Rogue,Inspired,Qiyana,4,2,6,Win
ESPORTSTMNT04_1960743,Rogue,Larssen,Twisted Fate,3,0,5,Win
ESPORTSTMNT04_1960743,Rogue,Hans Sama,Lucian,7,2,5,Win
ESPORTSTMNT04_1960743,Rogue,Trymbi,Nami,0,2,14,Win
ESPORTSTMNT04_1960743,Cloud9,Fudge,Gnar,1,2,1,Loss
ESPORTSTMNT04_1960743,Cloud9,Blaber,Xin Zhao,1,4,2,Loss
ESPORTSTMNT04_1960743,Cloud9,Perkz,Sylas,2,1,0,Loss
ESPORTSTMNT04_1960743,Cloud9,Zven,Miss Fortune,2,6,4,Loss
ESPORTSTMNT04_1960743,Cloud9,Vulcan,Yuumi,2,3,4,Loss
ESPORTSTMNT04_1970810,T1,Canna,Jayce,1,4,3,Loss
ESPORTSTMNT04_1970810,T1,Oner,Xin Zhao,1,6,2,Loss
ESPORTSTMNT04_1970810,T1,Faker,Twisted Fate,0,3,1,Loss
ESPORTSTMNT04_1970810,T1,Gumayusi,Ziggs,2,1,1,Loss
ESPORTSTMNT04_1970810,T1,Keria,Shen,0,2,4,Loss
ESPORTSTMNT04_1970810,EDward Gaming,Flandre,Graves,5,0,7,Win
ESPORTSTMNT04_1970810,EDward Gaming,Jiejie,Jarvan IV,2,2,13,Win
ESPORTSTMNT04_1970810,EDward Gaming,Scout,Sylas,5,0,8,Win
ESPORTSTMNT04_1970810,EDward Gaming,Viper,Jhin,2,0,4,Win
ESPORTSTMNT04_1970810,EDward Gaming,Meiko,Leona,2,2,8,Win
ESPORTSTMNT04_1960793,Rogue,Odoamne,Graves,3,3,2,Loss
ESPORTSTMNT04_1960793,Rogue,Inspired,Fiddlesticks,1,4,3,Loss
ESPORTSTMNT04_1960793,Rogue,Larssen,Orianna,1,3,5,Loss
ESPORTSTMNT04_1960793,Rogue,Hans Sama,Lucian,4,3,2,Loss
ESPORTSTMNT04_1960793,Rogue,Trymbi,Nami,0,2,6,Loss
ESPORTSTMNT04_1960793,Dplus KIA,Khan,Jax,5,1,4,Win
ESPORTSTMNT04_1960793,Dplus KIA,Canyon,Talon,3,1,4,Win
ESPORTSTMNT04_1960793,Dplus KIA,ShowMaker,Ryze,5,0,4,Win
ESPORTSTMNT04_1960793,Dplus KIA,Ghost,Aphelios,1,4,4,Win
ESPORTSTMNT04_1960793,Dplus KIA,BeryL,Lulu,1,3,5,Win
ESPORTSTMNT04_1960799,TALON,Hanabi,Gwen,5,2,11,Win
ESPORTSTMNT04_1960799,TALON,River,Talon,4,3,7,Win
ESPORTSTMNT04_1960799,TALON,Maple,LeBlanc,6,1,7,Win
ESPORTSTMNT04_1960799,TALON,Unified,Jhin,5,1,5,Win
ESPORTSTMNT04_1960799,TALON,Kaiwing,Yuumi,1,2,13,Win
ESPORTSTMNT04_1960799,Hanwha Life Esports,Morgan,Camille,1,6,4,Loss
ESPORTSTMNT04_1960799,Hanwha Life Esports,Willer,Jarvan IV,2,7,7,Loss
ESPORTSTMNT04_1960799,Hanwha Life Esports,Chovy,Azir,2,4,1,Loss
ESPORTSTMNT04_1960799,Hanwha Life Esports,Deft,Draven,3,2,4,Loss
ESPORTSTMNT04_1960799,Hanwha Life Esports,Vsta,Pyke,1,2,3,Loss
ESPORTSTMNT04_1960826,Fnatic,Adam,Olaf,3,4,4,Loss
ESPORTSTMNT04_1960826,Fnatic,Bwipo,Lee Sin,4,5,5,Loss
ESPORTSTMNT04_1960826,Fnatic,Nisqy,Sylas,2,9,6,Loss
ESPORTSTMNT04_1960826,Fnatic,BEAN,Ashe,2,6,5,Loss
ESPORTSTMNT04_1960826,Fnatic,Hylissang,Pyke,2,10,5,Loss
ESPORTSTMNT04_1960826,Royal Never Give Up,Xiaohu,Kennen,10,2,10,Win
ESPORTSTMNT04_1960826,Royal Never Give Up,Wei,Viego,9,1,13,Win
ESPORTSTMNT04_1960826,Royal Never Give Up,Cryin,Twisted Fate,3,3,21,Win
ESPORTSTMNT04_1960826,Royal Never Give Up,GALA,Kai'Sa,10,3,12,Win
ESPORTSTMNT04_1960826,Royal Never Give Up,Ming,Rell,2,4,18,Win
ESPORTSTMNT04_1960844,Cloud9,Fudge,Camille,4,4,5,Loss
ESPORTSTMNT04_1960844,Cloud9,Blaber,Qiyana,3,1,3,Loss
ESPORTSTMNT04_1960844,Cloud9,Perkz,Ryze,3,4,4,Loss
ESPORTSTMNT04_1960844,Cloud9,Zven,Ezreal,3,2,2,Loss
ESPORTSTMNT04_1960844,Cloud9,Vulcan,Leona,0,2,9,Loss
ESPORTSTMNT04_1960844,FunPlus Phoenix,Nuguri,Kennen,5,4,4,Win
ESPORTSTMNT04_1960844,FunPlus Phoenix,Tian,Jarvan IV,0,4,6,Win
ESPORTSTMNT04_1960844,FunPlus Phoenix,Doinb,Malzahar,3,4,3,Win
ESPORTSTMNT04_1960844,FunPlus Phoenix,Lwx,Miss Fortune,4,0,3,Win
ESPORTSTMNT04_1960844,FunPlus Phoenix,Crisp,Rakan,1,1,6,Win
ESPORTSTMNT04_1960850,DetonatioN FocusMe,Evi,Gnar,1,3,2,Loss
ESPORTSTMNT04_1960850,DetonatioN FocusMe,Steal,Lee Sin,1,4,3,Loss
ESPORTSTMNT04_1960850,DetonatioN FocusMe,Aria,Zoe,3,1,2,Loss
ESPORTSTMNT04_1960850,DetonatioN FocusMe,Yutapon,Miss Fortune,2,6,0,Loss
ESPORTSTMNT04_1960850,DetonatioN FocusMe,Gaeng,Rakan,0,5,4,Loss
ESPORTSTMNT04_1960850,100 Thieves,Ssumday,Graves,2,0,6,Win
ESPORTSTMNT04_1960850,100 Thieves,Closer,Viego,3,1,4,Win
ESPORTSTMNT04_1960850,100 Thieves,Abbedagge,Ryze,6,2,4,Win
ESPORTSTMNT04_1960850,100 Thieves,FBI,Lucian,5,1,8,Win
ESPORTSTMNT04_1960850,100 Thieves,huhi,Nami,3,3,12,Win
ESPORTSTMNT04_1960857,MAD Lions KOI,Armut,Wukong,7,4,14,Win
ESPORTSTMNT04_1960857,MAD Lions KOI,Elyoya,Qiyana,11,4,12,Win
ESPORTSTMNT04_1960857,MAD Lions KOI,Humanoid,LeBlanc,5,3,12,Win
ESPORTSTMNT04_1960857,MAD Lions KOI,Carzzy,Lucian,4,6,16,Win
ESPORTSTMNT04_1960857,MAD Lions KOI,Kaiser,Yuumi,3,2,23,Win
ESPORTSTMNT04_1960857,Gen.G,Rascal,Graves,3,5,11,Loss
ESPORTSTMNT04_1960857,Gen.G,Clid,Xin Zhao,2,8,12,Loss
ESPORTSTMNT04_1960857,Gen.G,Bdd,Azir,6,5,8,Loss
ESPORTSTMNT04_1960857,Gen.G,Ruler,Kalista,6,4,11,Loss
ESPORTSTMNT04_1960857,Gen.G,Life,Nautilus,2,8,12,Loss
ESPORTSTMNT04_1960863,Team Liquid,Alphari,Gnar,0,3,1,Loss
ESPORTSTMNT04_1960863,Team Liquid,Santorin,Talon,0,3,1,Loss
ESPORTSTMNT04_1960863,Team Liquid,Jensen,Twisted Fate,1,1,0,Loss
ESPORTSTMNT04_1960863,Team Liquid,Tactical,Ezreal,0,4,1,Loss
ESPORTSTMNT04_1960863,Team Liquid,CoreJJ,Leona,0,4,0,Loss
ESPORTSTMNT04_1960863,LNG Esports,Ale,Fiora,4,0,5,Win
ESPORTSTMNT04_1960863,LNG Esports,Tarzan,Viego,2,1,7,Win
ESPORTSTMNT04_1960863,LNG Esports,ICON,LeBlanc,6,0,5,Win
ESPORTSTMNT04_1960863,LNG Esports,Light,Aphelios,3,0,5,Win
ESPORTSTMNT04_1960863,LNG Esports,Iwandy,Thresh,0,0,12,Win
ESPORTSTMNT04_1970872,Royal Never Give Up,Xiaohu,Lucian,5,3,10,Win
ESPORTSTMNT04_1970872,Royal Never Give Up,Wei,Lee Sin,7,4,10,Win
ESPORTSTMNT04_1970872,Royal Never Give Up,Cryin,Twisted Fate,3,2,14,Win
ESPORTSTMNT04_1970872,Royal Never Give Up,GALA,Ziggs,2,2,7,Win
ESPORTSTMNT04_1970872,Royal Never Give Up,Ming,Sett,2,5,7,Win
ESPORTSTMNT04_1970872,Hanwha Life Esports,Morgan,Camille,1,5,9,Loss
ESPORTSTMNT04_1970872,Hanwha Life Esports,Willer,Viego,4,3,6,Loss
ESPORTSTMNT04_1970872,Hanwha Life Esports,Chovy,Sylas,5,7,8,Loss
ESPORTSTMNT04_1970872,Hanwha Life Esports,Deft,Kai'Sa,4,1,6,Loss
ESPORTSTMNT04_1970872,Hanwha Life Esports,Vsta,Leona,2,3,10,Loss
ESPORTSTMNT04_1970887,MAD Lions KOI,Armut,Gnar,3,3,2,Loss
ESPORTSTMNT04_1970887,MAD Lions KOI,Elyoya,Xin Zhao,0,4,4,Loss
ESPORTSTMNT04_1970887,MAD Lions KOI,Humanoid,Ryze,2,6,2,Loss
ESPORTSTMNT04_1970887,MAD Lions KOI,Carzzy,Aphelios,1,2,0,Loss
ESPORTSTMNT04_1970887,MAD Lions KOI,Kaiser,Thresh,0,6,3,Loss
ESPORTSTMNT04_1970887,LNG Esports,Ale,Camille,3,3,14,Win
ESPORTSTMNT04_1970887,LNG Esports,Tarzan,Lee Sin,3,1,14,Win
ESPORTSTMNT04_1970887,LNG Esports,ICON,Syndra,7,0,4,Win
ESPORTSTMNT04_1970887,LNG Esports,Light,Jhin,5,0,11,Win
ESPORTSTMNT04_1970887,LNG Esports,Iwandy,Leona,2,2,8,Win
ESPORTSTMNT04_1970896,FunPlus Phoenix,Nuguri,Jayce,5,4,8,Win
ESPORTSTMNT04_1970896,FunPlus Phoenix,Tian,Viego,4,0,5,Win
ESPORTSTMNT04_1970896,FunPlus Phoenix,Doinb,Ryze,1,0,10,Win
ESPORTSTMNT04_1970896,FunPlus Phoenix,Lwx,Jhin,7,1,5,Win
ESPORTSTMNT04_1970896,FunPlus Phoenix,Crisp,Leona,1,0,8,Win
ESPORTSTMNT04_1970896,Rogue,Odoamne,Rumble,0,5,2,Loss
ESPORTSTMNT04_1970896,Rogue,Inspired,Lee Sin,0,2,2,Loss
ESPORTSTMNT04_1970896,Rogue,Larssen,LeBlanc,3,3,0,Loss
ESPORTSTMNT04_1970896,Rogue,Hans Sama,Miss Fortune,2,1,2,Loss
ESPORTSTMNT04_1970896,Rogue,Trymbi,Braum,0,7,2,Loss
ESPORTSTMNT04_1970905,TALON,Hanabi,Gangplank,8,2,9,Win
ESPORTSTMNT04_1970905,TALON,River,Lee Sin,4,0,12,Win
ESPORTSTMNT04_1970905,TALON,Maple,Sylas,7,5,3,Win
ESPORTSTMNT04_1970905,TALON,Unified,Miss Fortune,1,3,13,Win
ESPORTSTMNT04_1970905,TALON,Kaiwing,Braum,0,2,18,Win
ESPORTSTMNT04_1970905,Fnatic,Adam,Kennen,2,5,3,Loss
ESPORTSTMNT04_1970905,Fnatic,Bwipo,Jarvan IV,1,5,9,Loss
ESPORTSTMNT04_1970905,Fnatic,Nisqy,Tryndamere,4,5,2,Loss
ESPORTSTMNT04_1970905,Fnatic,BEAN,Jhin,5,0,3,Loss
ESPORTSTMNT04_1970905,Fnatic,Hylissang,Thresh,0,5,9,Loss
ESPORTSTMNT04_1970915,Gen.G,Burdol,Camille,3,7,9,Win
ESPORTSTMNT04_1970915,Gen.G,Clid,Trundle,6,2,11,Win
ESPORTSTMNT04_1970915,Gen.G,Bdd,Sylas,10,2,7,Win
ESPORTSTMNT04_1970915,Gen.G,Ruler,Miss Fortune,2,0,7,Win
ESPORTSTMNT04_1970915,Gen.G,Life,Amumu,2,4,10,Win
ESPORTSTMNT04_1970915,Team Liquid,Alphari,Jax,4,5,6,Loss
ESPORTSTMNT04_1970915,Team Liquid,Santorin,Sejuani,4,3,11,Loss
ESPORTSTMNT04_1970915,Team Liquid,Jensen,Irelia,4,7,6,Loss
ESPORTSTMNT04_1970915,Team Liquid,Tactical,Ziggs,0,3,3,Loss
ESPORTSTMNT04_1970915,Team Liquid,CoreJJ,Shen,3,5,11,Loss
ESPORTSTMNT04_1970922,Dplus KIA,Khan,Graves,3,1,7,Win
ESPORTSTMNT04_1970922,Dplus KIA,Canyon,Xin Zhao,2,2,8,Win
ESPORTSTMNT04_1970922,Dplus KIA,ShowMaker,Twisted Fate,3,0,7,Win
ESPORTSTMNT04_1970922,Dplus KIA,Ghost,Jhin,7,3,4,Win
ESPORTSTMNT04_1970922,Dplus KIA,BeryL,Rell,0,1,10,Win
ESPORTSTMNT04_1970922,Cloud9,Fudge,Jax,1,3,2,Loss
ESPORTSTMNT04_1970922,Cloud9,Blaber,Qiyana,0,4,5,Loss
ESPORTSTMNT04_1970922,Cloud9,Perkz,Ryze,2,1,3,Loss
ESPORTSTMNT04_1970922,Cloud9,Zven,Miss Fortune,2,2,2,Loss
ESPORTSTMNT04_1970922,Cloud9,Vulcan,Leona,2,5,2,Loss
ESPORTSTMNT04_1970931,EDward Gaming,Flandre,Jayce,4,3,9,Win
ESPORTSTMNT04_1970931,EDward Gaming,Jiejie,Lee Sin,5,1,8,Win
ESPORTSTMNT04_1970931,EDward Gaming,Scout,Twisted Fate,0,2,12,Win
ESPORTSTMNT04_1970931,EDward Gaming,Viper,Ezreal,6,0,8,Win
ESPORTSTMNT04_1970931,EDward Gaming,Meiko,Braum,0,2,11,Win
ESPORTSTMNT04_1970931,DetonatioN FocusMe,Evi,Poppy,1,4,4,Loss
ESPORTSTMNT04_1970931,DetonatioN FocusMe,Steal,Talon,2,3,5,Loss
ESPORTSTMNT04_1970931,DetonatioN FocusMe,Aria,Sylas,2,3,5,Loss
ESPORTSTMNT04_1970931,DetonatioN FocusMe,Yutapon,Jhin,3,1,1,Loss
ESPORTSTMNT04_1970931,DetonatioN FocusMe,Gaeng,Leona,0,4,5,Loss
ESPORTSTMNT04_1970939,100 Thieves,Ssumday,Renekton,0,3,2,Loss
ESPORTSTMNT04_1970939,100 Thieves,Closer,Trundle,2,4,1,Loss
ESPORTSTMNT04_1970939,100 Thieves,Abbedagge,LeBlanc,0,1,1,Loss
ESPORTSTMNT04_1970939,100 Thieves,FBI,Lucian,1,5,1,Loss
ESPORTSTMNT04_1970939,100 Thieves,huhi,Nami,0,4,2,Loss
ESPORTSTMNT04_1970939,T1,Canna,Kennen,7,0,5,Win
ESPORTSTMNT04_1970939,T1,Oner,Poppy,3,0,6,Win
ESPORTSTMNT04_1970939,T1,Faker,Twisted Fate,3,1,6,Win
ESPORTSTMNT04_1970939,T1,,Aphelios,4,1,5,Win
ESPORTSTMNT04_1970939,T1,Keria,Lulu,0,1,9,Win
ESPORTSTMNT04_1970966,FunPlus Phoenix,Nuguri,Gragas,0,6,3,Loss
ESPORTSTMNT04_1970966,FunPlus Phoenix,Tian,Lee Sin,2,1,2,Loss
ESPORTSTMNT04_1970966,FunPlus Phoenix,Doinb,Irelia,1,2,0,Loss
ESPORTSTMNT04_1970966,FunPlus Phoenix,Lwx,Jhin,0,2,2,Loss
ESPORTSTMNT04_1970966,FunPlus Phoenix,Crisp,Braum,1,3,2,Loss
ESPORTSTMNT04_1970966,Dplus KIA,Khan,Jayce,3,1,7,Win
ESPORTSTMNT04_1970966,Dplus KIA,Canyon,Poppy,2,1,7,Win
ESPORTSTMNT04_1970966,Dplus KIA,ShowMaker,Twisted Fate,3,0,9,Win
ESPORTSTMNT04_1970966,Dplus KIA,Ghost,Miss Fortune,6,0,4,Win
ESPORTSTMNT04_1970966,Dplus KIA,BeryL,Leona,0,2,5,Win
ESPORTSTMNT04_1970975,Cloud9,Fudge,Graves,2,2,5,Win
ESPORTSTMNT04_1970975,Cloud9,Blaber,Lillia,6,1,9,Win
ESPORTSTMNT04_1970975,Cloud9,Perkz,Irelia,5,1,10,Win
ESPORTSTMNT04_1970975,Cloud9,Zven,Miss Fortune,4,1,5,Win
ESPORTSTMNT04_1970975,Cloud9,Vulcan,Leona,0,3,13,Win
ESPORTSTMNT04_1970975,Rogue,Odoamne,Gwen,1,3,2,Loss
ESPORTSTMNT04_1970975,Rogue,Inspired,Qiyana,3,4,2,Loss
ESPORTSTMNT04_1970975,Rogue,Larssen,Ryze,2,2,3,Loss
ESPORTSTMNT04_1970975,Rogue,Hans Sama,Draven,1,3,2,Loss
ESPORTSTMNT04_1970975,Rogue,Trymbi,Braum,0,5,5,Loss
ESPORTSTMNT04_1970983,FunPlus Phoenix,Nuguri,Graves,0,3,2,Loss
ESPORTSTMNT04_1970983,FunPlus Phoenix,Tian,Jarvan IV,1,6,2,Loss
ESPORTSTMNT04_1970983,FunPlus Phoenix,Doinb,Rumble,1,3,2,Loss
ESPORTSTMNT04_1970983,FunPlus Phoenix,Lwx,Kai'Sa,1,2,1,Loss
ESPORTSTMNT04_1970983,FunPlus Phoenix,Crisp,Rell,1,4,2,Loss
ESPORTSTMNT04_1970983,Cloud9,Fudge,Jayce,7,0,5,Win
ESPORTSTMNT04_1970983,Cloud9,Blaber,Xin Zhao,6,1,9,Win
ESPORTSTMNT04_1970983,Cloud9,Perkz,Twisted Fate,0,0,14,Win
ESPORTSTMNT04_1970983,Cloud9,Zven,Tristana,5,2,4,Win
ESPORTSTMNT04_1970983,Cloud9,Vulcan,Rakan,0,1,16,Win
ESPORTSTMNT04_1970989,Dplus KIA,Khan,Lucian,10,3,6,Win
ESPORTSTMNT04_1970989,Dplus KIA,Canyon,Qiyana,3,2,7,Win
ESPORTSTMNT04_1970989,Dplus KIA,ShowMaker,Twisted Fate,0,3,8,Win
ESPORTSTMNT04_1970989,Dplus KIA,Ghost,Draven,6,1,5,Win
ESPORTSTMNT04_1970989,Dplus KIA,BeryL,Thresh,0,2,9,Win
ESPORTSTMNT04_1970989,Rogue,Odoamne,Jayce,1,5,3,Loss
ESPORTSTMNT04_1970989,Rogue,Inspired,Olaf,2,3,3,Loss
ESPORTSTMNT04_1970989,Rogue,Larssen,Ryze,1,4,4,Loss
ESPORTSTMNT04_1970989,Rogue,Hans Sama,Miss Fortune,6,3,0,Loss
ESPORTSTMNT04_1970989,Rogue,Trymbi,Leona,1,4,5,Loss
ESPORTSTMNT04_1970997,Rogue,Odoamne,Jayce,4,0,9,Win
ESPORTSTMNT04_1970997,Rogue,Inspired,Fiddlesticks,7,5,9,Win
ESPORTSTMNT04_1970997,Rogue,Larssen,LeBlanc,5,2,6,Win
ESPORTSTMNT04_1970997,Rogue,Hans Sama,Lucian,3,1,14,Win
ESPORTSTMNT04_1970997,Rogue,Trymbi,Nami,2,6,15,Win
ESPORTSTMNT04_1970997,FunPlus Phoenix,Nuguri,Kennen,3,2,2,Loss
ESPORTSTMNT04_1970997,FunPlus Phoenix,Tian,Lee Sin,1,4,7,Loss
ESPORTSTMNT04_1970997,FunPlus Phoenix,Doinb,Sylas,4,4,7,Loss
ESPORTSTMNT04_1970997,FunPlus Phoenix,Lwx,Aphelios,4,7,6,Loss
ESPORTSTMNT04_1970997,FunPlus Phoenix,Crisp,Lulu,2,4,12,Loss
ESPORTSTMNT04_1970999,Cloud9,Fudge,Kennen,6,4,7,Loss
ESPORTSTMNT04_1970999,Cloud9,Blaber,Graves,2,4,11,Loss
ESPORTSTMNT04_1970999,Cloud9,Perkz,Twisted Fate,3,5,9,Loss
ESPORTSTMNT04_1970999,Cloud9,Zven,Kai'Sa,3,3,10,Loss
ESPORTSTMNT04_1970999,Cloud9,Vulcan,Leona,1,5,11,Loss
ESPORTSTMNT04_1970999,Dplus KIA,Khan,Jax,3,6,6,Win
ESPORTSTMNT04_1970999,Dplus KIA,Canyon,Lee Sin,3,2,13,Win
ESPORTSTMNT04_1970999,Dplus KIA,ShowMaker,Kassadin,8,2,8,Win
ESPORTSTMNT04_1970999,Dplus KIA,Ghost,Miss Fortune,6,3,2,Win
ESPORTSTMNT04_1970999,Dplus KIA,BeryL,Shen,1,2,14,Win
ESPORTSTMNT04_1971005,FunPlus Phoenix,Nuguri,Jayce,1,6,3,Loss
ESPORTSTMNT04_1971005,FunPlus Phoenix,Tian,Viego,2,4,4,Loss
ESPORTSTMNT04_1971005,FunPlus Phoenix,Doinb,Twisted Fate,1,3,3,Loss
ESPORTSTMNT04_1971005,FunPlus Phoenix,Lwx,Jhin,4,6,0,Loss
ESPORTSTMNT04_1971005,FunPlus Phoenix,Crisp,Thresh,0,3,3,Loss
ESPORTSTMNT04_1971005,Rogue,Odoamne,Kennen,3,4,7,Win
ESPORTSTMNT04_1971005,Rogue,Inspired,Jarvan IV,5,1,13,Win
ESPORTSTMNT04_1971005,Rogue,Larssen,Sylas,5,0,8,Win
ESPORTSTMNT04_1971005,Rogue,Hans Sama,Miss Fortune,8,0,6,Win
ESPORTSTMNT04_1971005,Rogue,Trymbi,Rakan,1,3,18,Win
ESPORTSTMNT04_1971013,Cloud9,Fudge,Wukong,5,2,7,Win
ESPORTSTMNT04_1971013,Cloud9,Blaber,Lee Sin,1,2,13,Win
ESPORTSTMNT04_1971013,Cloud9,Perkz,LeBlanc,9,4,5,Win
ESPORTSTMNT04_1971013,Cloud9,Zven,Miss Fortune,1,4,9,Win
ESPORTSTMNT04_1971013,Cloud9,Vulcan,Alistar,1,3,13,Win
ESPORTSTMNT04_1971013,Rogue,Odoamne,Jayce,2,4,3,Loss
ESPORTSTMNT04_1971013,Rogue,Inspired,Olaf,4,4,8,Loss
ESPORTSTMNT04_1971013,Rogue,Larssen,Ryze,5,5,6,Loss
ESPORTSTMNT04_1971013,Rogue,Hans Sama,Jhin,2,2,6,Loss
ESPORTSTMNT04_1971013,Rogue,Trymbi,Rakan,2,2,11,Loss
ESPORTSTMNT04_1961041,DetonatioN FocusMe,Evi,Poppy,0,3,1,Loss
ESPORTSTMNT04_1961041,DetonatioN FocusMe,Steal,Xin Zhao,0,2,2,Loss
ESPORTSTMNT04_1961041,DetonatioN FocusMe,Aria,LeBlanc,2,4,0,Loss
ESPORTSTMNT04_1961041,DetonatioN FocusMe,Yutapon,Jhin,0,1,1,Loss
ESPORTSTMNT04_1961041,DetonatioN FocusMe,Gaeng,Alistar,0,5,1,Loss
ESPORTSTMNT04_1961041,EDward Gaming,Flandre,Jayce,1,0,8,Win
ESPORTSTMNT04_1961041,EDward Gaming,Jiejie,Talon,7,1,4,Win
ESPORTSTMNT04_1961041,EDward Gaming,Scout,Lissandra,1,0,10,Win
ESPORTSTMNT04_1961041,EDward Gaming,Viper,Miss Fortune,5,0,6,Win
ESPORTSTMNT04_1961041,EDward Gaming,Meiko,Rakan,1,1,11,Win
ESPORTSTMNT04_1961055,T1,Canna,Jayce,3,0,3,Win
ESPORTSTMNT04_1961055,T1,Oner,Jarvan IV,3,1,5,Win
ESPORTSTMNT04_1961055,T1,Faker,Zoe,1,1,3,Win
ESPORTSTMNT04_1961055,T1,,Aphelios,1,1,0,Win
ESPORTSTMNT04_1961055,T1,Keria,Thresh,0,0,7,Win
ESPORTSTMNT04_1961055,100 Thieves,Ssumday,Malphite,0,2,0,Loss
ESPORTSTMNT04_1961055,100 Thieves,Closer,Lee Sin,1,3,1,Loss
ESPORTSTMNT04_1961055,100 Thieves,Abbedagge,Orianna,0,1,3,Loss
ESPORTSTMNT04_1961055,100 Thieves,FBI,Ezreal,2,1,1,Loss
ESPORTSTMNT04_1961055,100 Thieves,huhi,Leona,0,1,3,Loss
ESPORTSTMNT04_1961065,EDward Gaming,Flandre,Jayce,0,5,0,Loss
ESPORTSTMNT04_1961065,EDward Gaming,Jiejie,Talon,0,3,0,Loss
ESPORTSTMNT04_1961065,EDward Gaming,Scout,Ryze,1,1,0,Loss
ESPORTSTMNT04_1961065,EDward Gaming,Viper,Miss Fortune,0,2,1,Loss
ESPORTSTMNT04_1961065,EDward Gaming,Meiko,Yuumi,0,2,1,Loss
ESPORTSTMNT04_1961065,T1,Canna,Kennen,5,0,5,Win
ESPORTSTMNT04_1961065,T1,Oner,Poppy,0,0,10,Win
ESPORTSTMNT04_1961065,T1,Faker,Twisted Fate,2,0,8,Win
ESPORTSTMNT04_1961065,T1,,Aphelios,6,0,3,Win
ESPORTSTMNT04_1961065,T1,Keria,Lulu,0,1,11,Win
ESPORTSTMNT04_1961071,100 Thieves,Ssumday,Gangplank,2,5,11,Win
ESPORTSTMNT04_1961071,100 Thieves,Closer,Lee Sin,3,5,10,Win
ESPORTSTMNT04_1961071,100 Thieves,Abbedagge,Sylas,5,6,8,Win
ESPORTSTMNT04_1961071,100 Thieves,FBI,Kai'Sa,7,4,9,Win
ESPORTSTMNT04_1961071,100 Thieves,huhi,Alistar,3,2,13,Win
ESPORTSTMNT04_1961071,DetonatioN FocusMe,Evi,Tryndamere,6,6,10,Loss
ESPORTSTMNT04_1961071,DetonatioN FocusMe,Steal,Poppy,3,4,6,Loss
ESPORTSTMNT04_1961071,DetonatioN FocusMe,Aria,Twisted Fate,5,2,12,Loss
ESPORTSTMNT04_1961071,DetonatioN FocusMe,Yutapon,Miss Fortune,7,3,9,Loss
ESPORTSTMNT04_1961071,DetonatioN FocusMe,Gaeng,Leona,1,5,12,Loss
ESPORTSTMNT04_1961082,DetonatioN FocusMe,Evi,Renekton,1,4,1,Loss
ESPORTSTMNT04_1961082,DetonatioN FocusMe,Steal,Shaco,0,4,1,Loss
ESPORTSTMNT04_1961082,DetonatioN FocusMe,Aria,Zoe,2,0,1,Loss
ESPORTSTMNT04_1961082,DetonatioN FocusMe,Yutapon,Jhin,0,2,0,Loss
ESPORTSTMNT04_1961082,DetonatioN FocusMe,Gaeng,Yuumi,1,0,0,Loss
ESPORTSTMNT04_1961082,T1,Canna,Graves,0,3,6,Win
ESPORTSTMNT04_1961082,T1,Oner,Qiyana,2,0,5,Win
ESPORTSTMNT04_1961082,T1,Faker,Orianna,1,1,5,Win
ESPORTSTMNT04_1961082,T1,,Aphelios,6,0,2,Win
ESPORTSTMNT04_1961082,T1,Keria,Lulu,1,0,7,Win
ESPORTSTMNT04_1961085,100 Thieves,Ssumday,Kennen,3,1,10,Win
ESPORTSTMNT04_1961085,100 Thieves,Closer,Viego,4,1,13,Win
ESPORTSTMNT04_1961085,100 Thieves,Abbedagge,Ryze,4,1,7,Win
ESPORTSTMNT04_1961085,100 Thieves,FBI,Lucian,7,0,7,Win
ESPORTSTMNT04_1961085,100 Thieves,huhi,Nami,3,1,15,Win
ESPORTSTMNT04_1961085,EDward Gaming,Flandre,Graves,2,2,0,Loss
ESPORTSTMNT04_1961085,EDward Gaming,Jiejie,Xin Zhao,0,5,3,Loss
ESPORTSTMNT04_1961085,EDward Gaming,Scout,Syndra,2,3,0,Loss
ESPORTSTMNT04_1961085,EDward Gaming,Viper,Aphelios,0,6,1,Loss
ESPORTSTMNT04_1961085,EDward Gaming,Meiko,Lulu,0,5,2,Loss
ESPORTSTMNT04_1961106,Hanwha Life Esports,Morgan,Renekton,1,1,9,Win
ESPORTSTMNT04_1961106,Hanwha Life Esports,Willer,Viego,5,0,10,Win
ESPORTSTMNT04_1961106,Hanwha Life Esports,Chovy,Twisted Fate,3,0,11,Win
ESPORTSTMNT04_1961106,Hanwha Life Esports,Deft,Aphelios,6,0,7,Win
ESPORTSTMNT04_1961106,Hanwha Life Esports,Vsta,Thresh,0,1,12,Win
ESPORTSTMNT04_1961106,TALON,Hanabi,Graves,1,3,0,Loss
ESPORTSTMNT04_1961106,TALON,River,Xin Zhao,0,4,1,Loss
ESPORTSTMNT04_1961106,TALON,Maple,Sylas,1,2,1,Loss
ESPORTSTMNT04_1961106,TALON,Unified,Miss Fortune,0,2,1,Loss
ESPORTSTMNT04_1961106,TALON,Kaiwing,Leona,0,4,2,Loss
ESPORTSTMNT04_1961114,Royal Never Give Up,Xiaohu,Gragas,7,4,10,Loss
ESPORTSTMNT04_1961114,Royal Never Give Up,Wei,Lee Sin,6,6,16,Loss
ESPORTSTMNT04_1961114,Royal Never Give Up,Cryin,LeBlanc,3,3,14,Loss
ESPORTSTMNT04_1961114,Royal Never Give Up,GALA,Aphelios,10,4,5,Loss
ESPORTSTMNT04_1961114,Royal Never Give Up,Ming,Rell,2,9,14,Loss
ESPORTSTMNT04_1961114,Fnatic,Adam,Jayce,6,9,12,Win
ESPORTSTMNT04_1961114,Fnatic,Bwipo,Viego,8,3,16,Win
ESPORTSTMNT04_1961114,Fnatic,Nisqy,Ryze,5,3,19,Win
ESPORTSTMNT04_1961114,Fnatic,BEAN,Miss Fortune,7,4,9,Win
ESPORTSTMNT04_1961114,Fnatic,Hylissang,Nautilus,0,9,19,Win
ESPORTSTMNT04_1961133,TALON,Hanabi,Gwen,6,2,2,Loss
ESPORTSTMNT04_1961133,TALON,River,Talon,1,5,4,Loss
ESPORTSTMNT04_1961133,TALON,Maple,LeBlanc,0,1,4,Loss
ESPORTSTMNT04_1961133,TALON,Unified,Jhin,0,1,6,Loss
ESPORTSTMNT04_1961133,TALON,Kaiwing,Yuumi,1,1,5,Loss
ESPORTSTMNT04_1961133,Royal Never Give Up,Xiaohu,Camille,2,2,5,Win
ESPORTSTMNT04_1961133,Royal Never Give Up,Wei,Jarvan IV,2,2,7,Win
ESPORTSTMNT04_1961133,Royal Never Give Up,Cryin,Twisted Fate,1,0,9,Win
ESPORTSTMNT04_1961133,Royal Never Give Up,GALA,Miss Fortune,5,2,0,Win
ESPORTSTMNT04_1961133,Royal Never Give Up,Ming,Nautilus,0,2,4,Win
ESPORTSTMNT04_1961139,Fnatic,Adam,Olaf,8,6,9,Loss
ESPORTSTMNT04_1961139,Fnatic,Bwipo,Xin Zhao,2,7,15,Loss
ESPORTSTMNT04_1961139,Fnatic,Nisqy,Twisted Fate,3,3,12,Loss
ESPORTSTMNT04_1961139,Fnatic,BEAN,Miss Fortune,10,5,7,Loss
ESPORTSTMNT04_1961139,Fnatic,Hylissang,Rakan,0,6,20,Loss
ESPORTSTMNT04_1961139,Hanwha Life Esports,Morgan,Renekton,4,6,14,Win
ESPORTSTMNT04_1961139,Hanwha Life Esports,Willer,Viego,4,4,7,Win
ESPORTSTMNT04_1961139,Hanwha Life Esports,Chovy,LeBlanc,10,1,8,Win
ESPORTSTMNT04_1961139,Hanwha Life Esports,Deft,Ezreal,6,4,9,Win
ESPORTSTMNT04_1961139,Hanwha Life Esports,Vsta,Leona,2,8,12,Win
ESPORTSTMNT04_1961148,Hanwha Life Esports,Morgan,Aatrox,2,0,7,Win
ESPORTSTMNT04_1961148,Hanwha Life Esports,Willer,Lee Sin,5,1,8,Win
ESPORTSTMNT04_1961148,Hanwha Life Esports,Chovy,Sylas,5,2,3,Win
ESPORTSTMNT04_1961148,Hanwha Life Esports,Deft,Aphelios,3,1,6,Win
ESPORTSTMNT04_1961148,Hanwha Life Esports,Vsta,Rakan,0,1,10,Win
ESPORTSTMNT04_1961148,Royal Never Give Up,Xiaohu,Gwen,1,6,0,Loss
ESPORTSTMNT04_1961148,Royal Never Give Up,Wei,Jarvan IV,3,3,1,Loss
ESPORTSTMNT04_1961148,Royal Never Give Up,Cryin,Twisted Fate,0,3,4,Loss
ESPORTSTMNT04_1961148,Royal Never Give Up,GALA,Miss Fortune,0,1,0,Loss
ESPORTSTMNT04_1961148,Royal Never Give Up,Ming,Braum,1,2,3,Loss
ESPORTSTMNT04_1961155,Fnatic,Adam,Graves,5,10,2,Loss
ESPORTSTMNT04_1961155,Fnatic,Bwipo,Viego,5,5,6,Loss
ESPORTSTMNT04_1961155,Fnatic,Nisqy,Zoe,5,4,6,Loss
ESPORTSTMNT04_1961155,Fnatic,BEAN,Xayah,0,5,5,Loss
ESPORTSTMNT04_1961155,Fnatic,Hylissang,Rakan,0,9,9,Loss
ESPORTSTMNT04_1961155,TALON,Hanabi,Jayce,14,5,10,Win
ESPORTSTMNT04_1961155,TALON,River,Jarvan IV,5,2,20,Win
ESPORTSTMNT04_1961155,TALON,Maple,Syndra,7,5,13,Win
ESPORTSTMNT04_1961155,TALON,Unified,Miss Fortune,6,1,7,Win
ESPORTSTMNT04_1961155,TALON,Kaiwing,Nautilus,1,2,19,Win
ESPORTSTMNT04_1961159,Hanwha Life Esports,Morgan,Jarvan IV,3,6,8,Loss
ESPORTSTMNT04_1961159,Hanwha Life Esports,Willer,Viego,1,1,7,Loss
ESPORTSTMNT04_1961159,Hanwha Life Esports,Chovy,Twisted Fate,1,2,8,Loss
ESPORTSTMNT04_1961159,Hanwha Life Esports,Deft,Aphelios,5,5,3,Loss
ESPORTSTMNT04_1961159,Hanwha Life Esports,Vsta,Gragas,1,5,7,Loss
ESPORTSTMNT04_1961159,Royal Never Give Up,Xiaohu,Kennen,4,4,11,Win
ESPORTSTMNT04_1961159,Royal Never Give Up,Wei,Xin Zhao,5,2,7,Win
ESPORTSTMNT04_1961159,Royal Never Give Up,Cryin,Galio,5,2,12,Win
ESPORTSTMNT04_1961159,Royal Never Give Up,GALA,Miss Fortune,4,0,10,Win
ESPORTSTMNT04_1961159,Royal Never Give Up,Ming,Rell,1,3,13,Win
ESPORTSTMNT04_1971129,Gen.G,Burdol,Graves,5,4,3,Win
ESPORTSTMNT04_1971129,Gen.G,Clid,Lee Sin,2,2,13,Win
ESPORTSTMNT04_1971129,Gen.G,Bdd,Syndra,7,2,7,Win
ESPORTSTMNT04_1971129,Gen.G,Ruler,Aphelios,1,0,7,Win
ESPORTSTMNT04_1971129,Gen.G,Life,Rakan,3,4,11,Win
ESPORTSTMNT04_1971129,MAD Lions KOI,Armut,Gwen,3,2,4,Loss
ESPORTSTMNT04_1971129,MAD Lions KOI,Elyoya,Viego,2,4,8,Loss
ESPORTSTMNT04_1971129,MAD Lions KOI,Humanoid,Azir,5,5,3,Loss
ESPORTSTMNT04_1971129,MAD Lions KOI,Carzzy,Miss Fortune,2,3,2,Loss
ESPORTSTMNT04_1971129,MAD Lions KOI,Kaiser,Leona,0,4,7,Loss
ESPORTSTMNT04_1971143,LNG Esports,Ale,Gwen,1,1,1,Loss
ESPORTSTMNT04_1971143,LNG Esports,Tarzan,Viego,2,2,2,Loss
ESPORTSTMNT04_1971143,LNG Esports,ICON,Lissandra,1,6,3,Loss
ESPORTSTMNT04_1971143,LNG Esports,Light,Ezreal,0,2,2,Loss
ESPORTSTMNT04_1971143,LNG Esports,Iwandy,Yuumi,0,1,2,Loss
ESPORTSTMNT04_1971143,Team Liquid,Alphari,Graves,2,0,2,Win
ESPORTSTMNT04_1971143,Team Liquid,Santorin,Trundle,1,0,8,Win
ESPORTSTMNT04_1971143,Team Liquid,Jensen,LeBlanc,6,1,4,Win
ESPORTSTMNT04_1971143,Team Liquid,Tactical,Tristana,2,0,6,Win
ESPORTSTMNT04_1971143,Team Liquid,CoreJJ,Rell,1,3,6,Win
ESPORTSTMNT04_1971152,Gen.G,Burdol,Irelia,2,8,3,Loss
ESPORTSTMNT04_1971152,Gen.G,Clid,Lee Sin,2,5,3,Loss
ESPORTSTMNT04_1971152,Gen.G,Bdd,Azir,1,5,2,Loss
ESPORTSTMNT04_1971152,Gen.G,Ruler,Aphelios,2,1,3,Loss
ESPORTSTMNT04_1971152,Gen.G,Life,Lulu,0,3,4,Loss
ESPORTSTMNT04_1971152,LNG Esports,Ale,Fiora,6,2,4,Win
ESPORTSTMNT04_1971152,LNG Esports,Tarzan,Xin Zhao,2,0,11,Win
ESPORTSTMNT04_1971152,LNG Esports,ICON,Syndra,7,2,8,Win
ESPORTSTMNT04_1971152,LNG Esports,Light,Miss Fortune,5,1,8,Win
ESPORTSTMNT04_1971152,LNG Esports,Iwandy,Rakan,2,2,14,Win
ESPORTSTMNT04_1971157,MAD Lions KOI,Armut,Kennen,4,6,7,Win
ESPORTSTMNT04_1971157,MAD Lions KOI,Elyoya,Viego,3,0,5,Win
ESPORTSTMNT04_1971157,MAD Lions KOI,Humanoid,Sylas,1,3,9,Win
ESPORTSTMNT04_1971157,MAD Lions KOI,Carzzy,Miss Fortune,6,1,7,Win
ESPORTSTMNT04_1971157,MAD Lions KOI,Kaiser,Rakan,1,0,14,Win
ESPORTSTMNT04_1971157,Team Liquid,Alphari,Jarvan IV,4,2,3,Loss
ESPORTSTMNT04_1971157,Team Liquid,Santorin,Trundle,1,2,5,Loss
ESPORTSTMNT04_1971157,Team Liquid,Jensen,Twisted Fate,2,1,3,Loss
ESPORTSTMNT04_1971157,Team Liquid,Tactical,Aphelios,2,5,0,Loss
ESPORTSTMNT04_1971157,Team Liquid,CoreJJ,Thresh,1,5,4,Loss
ESPORTSTMNT04_1971165,Team Liquid,Alphari,Gnar,5,2,5,Win
ESPORTSTMNT04_1971165,Team Liquid,Santorin,Lee Sin,1,2,13,Win
ESPORTSTMNT04_1971165,Team Liquid,Jensen,Syndra,7,1,6,Win
ESPORTSTMNT04_1971165,Team Liquid,Tactical,Jhin,2,1,9,Win
ESPORTSTMNT04_1971165,Team Liquid,CoreJJ,Rakan,1,3,13,Win
ESPORTSTMNT04_1971165,Gen.G,Rascal,Renekton,1,2,2,Loss
ESPORTSTMNT04_1971165,Gen.G,Clid,Taliyah,2,5,3,Loss
ESPORTSTMNT04_1971165,Gen.G,Bdd,Yone,2,3,4,Loss
ESPORTSTMNT04_1971165,Gen.G,Ruler,Miss Fortune,4,3,2,Loss
ESPORTSTMNT04_1971165,Gen.G,Life,Leona,0,3,4,Loss
ESPORTSTMNT04_1971171,LNG Esports,Ale,Jax,2,3,0,Loss
ESPORTSTMNT04_1971171,LNG Esports,Tarzan,Lee Sin,1,3,3,Loss
ESPORTSTMNT04_1971171,LNG Esports,ICON,Irelia,2,7,2,Loss
ESPORTSTMNT04_1971171,LNG Esports,Light,Ziggs,2,2,4,Loss
ESPORTSTMNT04_1971171,LNG Esports,Iwandy,Leona,0,2,5,Loss
ESPORTSTMNT04_1971171,MAD Lions KOI,Armut,Gwen,6,1,3,Win
ESPORTSTMNT04_1971171,MAD Lions KOI,Elyoya,Poppy,3,2,10,Win
ESPORTSTMNT04_1971171,MAD Lions KOI,Humanoid,Orianna,6,1,6,Win
ESPORTSTMNT04_1971171,MAD Lions KOI,Carzzy,Lucian,2,3,6,Win
ESPORTSTMNT04_1971171,MAD Lions KOI,Kaiser,Nami,0,0,14,Win
ESPORTSTMNT04_1971180,Gen.G,Rascal,Graves,3,1,3,Win
ESPORTSTMNT04_1971180,Gen.G,Clid,Jarvan IV,2,3,5,Win
ESPORTSTMNT04_1971180,Gen.G,Bdd,Zoe,3,1,5,Win
ESPORTSTMNT04_1971180,Gen.G,Ruler,Miss Fortune,5,0,3,Win
ESPORTSTMNT04_1971180,Gen.G,Life,Yuumi,1,0,9,Win
ESPORTSTMNT04_1971180,Team Liquid,Alphari,Jayce,2,2,1,Loss
ESPORTSTMNT04_1971180,Team Liquid,Santorin,Xin Zhao,0,3,5,Loss
ESPORTSTMNT04_1971180,Team Liquid,Jensen,Syndra,1,2,3,Loss
ESPORTSTMNT04_1971180,Team Liquid,Tactical,Tristana,2,3,1,Loss
ESPORTSTMNT04_1971180,Team Liquid,CoreJJ,Rell,0,4,4,Loss
ESPORTSTMNT04_1971182,MAD Lions KOI,Armut,Gnar,4,6,7,Win
ESPORTSTMNT04_1971182,MAD Lions KOI,Elyoya,Qiyana,7,6,5,Win
ESPORTSTMNT04_1971182,MAD Lions KOI,Humanoid,LeBlanc,7,2,11,Win
ESPORTSTMNT04_1971182,MAD Lions KOI,Carzzy,Ezreal,5,2,9,Win
ESPORTSTMNT04_1971182,MAD Lions KOI,Kaiser,Rakan,0,3,14,Win
ESPORTSTMNT04_1971182,LNG Esports,Ale,Kennen,7,9,5,Loss
ESPORTSTMNT04_1971182,LNG Esports,Tarzan,Viego,2,3,6,Loss
ESPORTSTMNT04_1971182,LNG Esports,ICON,Ryze,4,4,6,Loss
ESPORTSTMNT04_1971182,LNG Esports,Light,Miss Fortune,5,1,5,Loss
ESPORTSTMNT04_1971182,LNG Esports,Iwandy,Leona,1,6,8,Loss
ESPORTSTMNT04_1971193,Gen.G,Rascal,Kennen,5,4,5,Win
ESPORTSTMNT04_1971193,Gen.G,Clid,Olaf,4,2,12,Win
ESPORTSTMNT04_1971193,Gen.G,Bdd,Syndra,5,1,6,Win
ESPORTSTMNT04_1971193,Gen.G,Ruler,Miss Fortune,7,4,12,Win
ESPORTSTMNT04_1971193,Gen.G,Life,Yuumi,3,2,20,Win
ESPORTSTMNT04_1971193,MAD Lions KOI,Armut,Irelia,1,6,5,Loss
ESPORTSTMNT04_1971193,MAD Lions KOI,Elyoya,Lee Sin,0,5,9,Loss
ESPORTSTMNT04_1971193,MAD Lions KOI,Humanoid,Viktor,6,5,4,Loss
ESPORTSTMNT04_1971193,MAD Lions KOI,Carzzy,Lucian,6,5,6,Loss
ESPORTSTMNT04_1971193,MAD Lions KOI,Kaiser,Nami,0,3,9,Loss
ESPORTSTMNT04_1971225,T1,Canna,Graves,1,1,4,Win
ESPORTSTMNT04_1971225,T1,Oner,Talon,4,3,5,Win
ESPORTSTMNT04_1971225,T1,Faker,Orianna,2,1,7,Win
ESPORTSTMNT04_1971225,T1,Gumayusi,Aphelios,3,0,6,Win
ESPORTSTMNT04_1971225,T1,Keria,Thresh,1,1,8,Win
ESPORTSTMNT04_1971225,Hanwha Life Esports,Morgan,Irelia,1,3,1,Loss
ESPORTSTMNT04_1971225,Hanwha Life Esports,Willer,Xin Zhao,0,5,0,Loss
ESPORTSTMNT04_1971225,Hanwha Life Esports,Chovy,Zoe,2,0,1,Loss
ESPORTSTMNT04_1971225,Hanwha Life Esports,Deft,Miss Fortune,3,2,2,Loss
ESPORTSTMNT04_1971225,Hanwha Life Esports,Vsta,Braum,0,1,5,Loss
ESPORTSTMNT04_1971235,Hanwha Life Esports,Morgan,Renekton,0,3,2,Loss
ESPORTSTMNT04_1971235,Hanwha Life Esports,Willer,Xin Zhao,0,3,1,Loss
ESPORTSTMNT04_1971235,Hanwha Life Esports,Chovy,LeBlanc,1,3,1,Loss
ESPORTSTMNT04_1971235,Hanwha Life Esports,Deft,Varus,1,2,0,Loss
ESPORTSTMNT04_1971235,Hanwha Life Esports,Vsta,Nautilus,0,3,1,Loss
ESPORTSTMNT04_1971235,T1,Canna,Gwen,6,1,4,Win
ESPORTSTMNT04_1971235,T1,Oner,Poppy,2,0,6,Win
ESPORTSTMNT04_1971235,T1,Faker,Lissandra,2,1,8,Win
ESPORTSTMNT04_1971235,T1,Gumayusi,Aphelios,3,0,5,Win
ESPORTSTMNT04_1971235,T1,Keria,Braum,1,0,12,Win
ESPORTSTMNT04_1971236,Hanwha Life Esports,Morgan,Renekton,1,1,0,Loss
ESPORTSTMNT04_1971236,Hanwha Life Esports,Willer,Olaf,0,4,0,Loss
ESPORTSTMNT04_1971236,Hanwha Life Esports,Chovy,LeBlanc,0,3,1,Loss
ESPORTSTMNT04_1971236,Hanwha Life Esports,Deft,Varus,0,4,1,Loss
ESPORTSTMNT04_1971236,Hanwha Life Esports,Vsta,Braum,0,6,0,Loss
ESPORTSTMNT04_1971236,T1,Canna,Gnar,2,0,7,Win
ESPORTSTMNT04_1971236,T1,Oner,Talon,5,0,10,Win
ESPORTSTMNT04_1971236,T1,Faker,Lissandra,3,1,6,Win
ESPORTSTMNT04_1971236,T1,Gumayusi,Aphelios,7,0,6,Win
ESPORTSTMNT04_1971236,T1,Keria,Thresh,1,0,13,Win
ESPORTSTMNT04_1961268,EDward Gaming,Flandre,Jayce,4,4,4,Loss
ESPORTSTMNT04_1961268,EDward Gaming,Jiejie,Jarvan IV,1,5,4,Loss
ESPORTSTMNT04_1961268,EDward Gaming,Scout,Malzahar,2,1,5,Loss
ESPORTSTMNT04_1961268,EDward Gaming,Viper,Lucian,1,3,3,Loss
ESPORTSTMNT04_1961268,EDward Gaming,Meiko,Nami,0,1,6,Loss
ESPORTSTMNT04_1961268,Royal Never Give Up,Xiaohu,Irelia,3,2,6,Win
ESPORTSTMNT04_1961268,Royal Never Give Up,Wei,Xin Zhao,4,2,7,Win
ESPORTSTMNT04_1961268,Royal Never Give Up,Cryin,Ryze,4,0,7,Win
ESPORTSTMNT04_1961268,Royal Never Give Up,GALA,Aphelios,3,1,4,Win
ESPORTSTMNT04_1961268,Royal Never Give Up,Ming,Nautilus,0,3,9,Win
ESPORTSTMNT04_1961282,EDward Gaming,Flandre,Graves,8,3,6,Win
ESPORTSTMNT04_1961282,EDward Gaming,Jiejie,Olaf,4,2,9,Win
ESPORTSTMNT04_1961282,EDward Gaming,Scout,Ryze,2,3,7,Win
ESPORTSTMNT04_1961282,EDward Gaming,Viper,Ezreal,7,3,9,Win
ESPORTSTMNT04_1961282,EDward Gaming,Meiko,Yuumi,2,1,17,Win
ESPORTSTMNT04_1961282,Royal Never Give Up,Xiaohu,Jayce,3,4,4,Loss
ESPORTSTMNT04_1961282,Royal Never Give Up,Wei,Xin Zhao,4,5,4,Loss
ESPORTSTMNT04_1961282,Royal Never Give Up,Cryin,Annie,2,5,6,Loss
ESPORTSTMNT04_1961282,Royal Never Give Up,GALA,Miss Fortune,1,2,6,Loss
ESPORTSTMNT04_1961282,Royal Never Give Up,Ming,Alistar,2,7,8,Loss
ESPORTSTMNT04_1961283,Royal Never Give Up,Xiaohu,Lucian,3,3,6,Loss
ESPORTSTMNT04_1961283,Royal Never Give Up,Wei,Xin Zhao,3,5,7,Loss
ESPORTSTMNT04_1961283,Royal Never Give Up,Cryin,Galio,3,4,9,Loss
ESPORTSTMNT04_1961283,Royal Never Give Up,GALA,Miss Fortune,6,1,3,Loss
ESPORTSTMNT04_1961283,Royal Never Give Up,Ming,Rakan,0,3,7,Loss
ESPORTSTMNT04_1961283,EDward Gaming,Flandre,Graves,3,8,4,Win
ESPORTSTMNT04_1961283,EDward Gaming,Jiejie,Olaf,4,1,7,Win
ESPORTSTMNT04_1961283,EDward Gaming,Scout,Azir,5,3,6,Win
ESPORTSTMNT04_1961283,EDward Gaming,Viper,Aphelios,4,3,5,Win
ESPORTSTMNT04_1961283,EDward Gaming,Meiko,Lulu,0,0,14,Win
ESPORTSTMNT04_1961284,EDward Gaming,Flandre,Graves,0,3,2,Loss
ESPORTSTMNT04_1961284,EDward Gaming,Jiejie,Xin Zhao,2,4,1,Loss
ESPORTSTMNT04_1961284,EDward Gaming,Scout,Ryze,2,6,1,Loss
ESPORTSTMNT04_1961284,EDward Gaming,Viper,Miss Fortune,1,3,1,Loss
ESPORTSTMNT04_1961284,EDward Gaming,Meiko,Yuumi,0,3,3,Loss
ESPORTSTMNT04_1961284,Royal Never Give Up,Xiaohu,Kennen,4,0,7,Win
ESPORTSTMNT04_1961284,Royal Never Give Up,Wei,Jarvan IV,5,1,12,Win
ESPORTSTMNT04_1961284,Royal Never Give Up,Cryin,Annie,4,1,12,Win
ESPORTSTMNT04_1961284,Royal Never Give Up,GALA,Aphelios,4,1,6,Win
ESPORTSTMNT04_1961284,Royal Never Give Up,Ming,Lulu,2,2,12,Win
ESPORTSTMNT04_1961285,EDward Gaming,Flandre,Graves,3,0,4,Win
ESPORTSTMNT04_1961285,EDward Gaming,Jiejie,Jarvan IV,2,1,13,Win
ESPORTSTMNT04_1961285,EDward Gaming,Scout,Ryze,4,1,6,Win
ESPORTSTMNT04_1961285,EDward Gaming,Viper,Ezreal,7,1,7,Win
ESPORTSTMNT04_1961285,EDward Gaming,Meiko,Yuumi,2,1,16,Win
ESPORTSTMNT04_1961285,Royal Never Give Up,Xiaohu,Gwen,1,2,0,Loss
ESPORTSTMNT04_1961285,Royal Never Give Up,Wei,Lee Sin,2,7,2,Loss
ESPORTSTMNT04_1961285,Royal Never Give Up,Cryin,Orianna,0,2,2,Loss
ESPORTSTMNT04_1961285,Royal Never Give Up,GALA,Miss Fortune,1,3,1,Loss
ESPORTSTMNT04_1961285,Royal Never Give Up,Ming,Nautilus,0,4,3,Loss
ESPORTSTMNT04_1961288,Dplus KIA,Khan,Gwen,3,1,2,Win
ESPORTSTMNT04_1961288,Dplus KIA,Canyon,Lee Sin,5,0,5,Win
ESPORTSTMNT04_1961288,Dplus KIA,ShowMaker,Syndra,4,1,4,Win
ESPORTSTMNT04_1961288,Dplus KIA,Ghost,Miss Fortune,3,0,7,Win
ESPORTSTMNT04_1961288,Dplus KIA,BeryL,Rakan,1,1,11,Win
ESPORTSTMNT04_1961288,MAD Lions KOI,Armut,Gnar,1,1,0,Loss
ESPORTSTMNT04_1961288,MAD Lions KOI,Elyoya,Graves,0,3,2,Loss
ESPORTSTMNT04_1961288,MAD Lions KOI,Humanoid,Orianna,1,4,1,Loss
ESPORTSTMNT04_1961288,MAD Lions KOI,Carzzy,Aphelios,0,5,2,Loss
ESPORTSTMNT04_1961288,MAD Lions KOI,Kaiser,Leona,1,3,2,Loss
ESPORTSTMNT04_1961306,MAD Lions KOI,Armut,Jayce,2,6,11,Loss
ESPORTSTMNT04_1961306,MAD Lions KOI,Elyoya,Jarvan IV,5,4,14,Loss
ESPORTSTMNT04_1961306,MAD Lions KOI,Humanoid,Orianna,6,5,6,Loss
ESPORTSTMNT04_1961306,MAD Lions KOI,Carzzy,Miss Fortune,4,4,5,Loss
ESPORTSTMNT04_1961306,MAD Lions KOI,Kaiser,Rakan,3,3,12,Loss
ESPORTSTMNT04_1961306,Dplus KIA,Khan,Kennen,3,6,14,Win
ESPORTSTMNT04_1961306,Dplus KIA,Canyon,Lee Sin,7,3,8,Win
ESPORTSTMNT04_1961306,Dplus KIA,ShowMaker,Azir,4,4,12,Win
ESPORTSTMNT04_1961306,Dplus KIA,Ghost,Jhin,7,1,11,Win
ESPORTSTMNT04_1961306,Dplus KIA,BeryL,Leona,1,6,12,Win
ESPORTSTMNT04_1961307,MAD Lions KOI,Armut,Wukong,2,8,2,Loss
ESPORTSTMNT04_1961307,MAD Lions KOI,Elyoya,Gragas,2,7,7,Loss
ESPORTSTMNT04_1961307,MAD Lions KOI,Humanoid,Viktor,5,5,7,Loss
ESPORTSTMNT04_1961307,MAD Lions KOI,Carzzy,Miss Fortune,8,5,4,Loss
ESPORTSTMNT04_1961307,MAD Lions KOI,Kaiser,Rakan,2,7,12,Loss
ESPORTSTMNT04_1961307,Dplus KIA,Khan,Jayce,6,7,12,Win
ESPORTSTMNT04_1961307,Dplus KIA,Canyon,Lee Sin,2,1,18,Win
ESPORTSTMNT04_1961307,Dplus KIA,ShowMaker,Syndra,5,4,17,Win
ESPORTSTMNT04_1961307,Dplus KIA,Ghost,Ziggs,9,4,6,Win
ESPORTSTMNT04_1961307,Dplus KIA,BeryL,Pyke,10,3,11,Win
ESPORTSTMNT04_1961309,Gen.G,Rascal,Kennen,5,4,4,Win
ESPORTSTMNT04_1961309,Gen.G,Clid,Xin Zhao,3,1,10,Win
ESPORTSTMNT04_1961309,Gen.G,Bdd,Aatrox,2,2,4,Win
ESPORTSTMNT04_1961309,Gen.G,Ruler,Aphelios,5,3,7,Win
ESPORTSTMNT04_1961309,Gen.G,Life,Lulu,1,1,12,Win
ESPORTSTMNT04_1961309,Cloud9,Fudge,Jarvan IV,3,1,5,Loss
ESPORTSTMNT04_1961309,Cloud9,Blaber,Lee Sin,2,3,4,Loss
ESPORTSTMNT04_1961309,Cloud9,Perkz,Yasuo,5,4,2,Loss
ESPORTSTMNT04_1961309,Cloud9,Zven,Ziggs,1,3,7,Loss
ESPORTSTMNT04_1961309,Cloud9,Vulcan,Nautilus,0,5,5,Loss
ESPORTSTMNT04_1961320,Cloud9,Fudge,Malphite,0,4,2,Loss
ESPORTSTMNT04_1961320,Cloud9,Blaber,Poppy,0,4,2,Loss
ESPORTSTMNT04_1961320,Cloud9,Perkz,Sylas,4,6,0,Loss
ESPORTSTMNT04_1961320,Cloud9,Zven,Miss Fortune,0,2,1,Loss
ESPORTSTMNT04_1961320,Cloud9,Vulcan,Leona,0,4,3,Loss
ESPORTSTMNT04_1961320,Gen.G,Rascal,Graves,7,0,3,Win
ESPORTSTMNT04_1961320,Gen.G,Clid,Lee Sin,9,1,6,Win
ESPORTSTMNT04_1961320,Gen.G,Bdd,Syndra,1,1,15,Win
ESPORTSTMNT04_1961320,Gen.G,Ruler,Jhin,3,1,8,Win
ESPORTSTMNT04_1961320,Gen.G,Life,Rakan,0,1,14,Win
ESPORTSTMNT04_1961321,Cloud9,Fudge,Graves,3,5,2,Loss
ESPORTSTMNT04_1961321,Cloud9,Blaber,Jarvan IV,3,2,6,Loss
ESPORTSTMNT04_1961321,Cloud9,Perkz,Syndra,0,2,5,Loss
ESPORTSTMNT04_1961321,Cloud9,Zven,Miss Fortune,3,4,1,Loss
ESPORTSTMNT04_1961321,Cloud9,Vulcan,Leona,1,4,4,Loss
ESPORTSTMNT04_1961321,Gen.G,Rascal,Renekton,1,2,6,Win
ESPORTSTMNT04_1961321,Gen.G,Clid,Lee Sin,7,3,4,Win
ESPORTSTMNT04_1961321,Gen.G,Bdd,Zoe,1,3,13,Win
ESPORTSTMNT04_1961321,Gen.G,Ruler,Jhin,6,0,6,Win
ESPORTSTMNT04_1961321,Gen.G,Life,Rakan,2,2,12,Win
ESPORTSTMNT04_1961333,Dplus KIA,Khan,Lucian,2,2,4,Win
ESPORTSTMNT04_1961333,Dplus KIA,Canyon,Lee Sin,3,1,6,Win
ESPORTSTMNT04_1961333,Dplus KIA,ShowMaker,LeBlanc,4,0,7,Win
ESPORTSTMNT04_1961333,Dplus KIA,Ghost,Jhin,4,0,10,Win
ESPORTSTMNT04_1961333,Dplus KIA,BeryL,Maokai,2,1,9,Win
ESPORTSTMNT04_1961333,T1,Canna,Jayce,2,3,1,Loss
ESPORTSTMNT04_1961333,T1,Oner,Poppy,1,4,0,Loss
ESPORTSTMNT04_1961333,T1,Faker,Ryze,1,2,1,Loss
ESPORTSTMNT04_1961333,T1,Gumayusi,Miss Fortune,0,2,1,Loss
ESPORTSTMNT04_1961333,T1,Keria,Leona,0,4,0,Loss
ESPORTSTMNT04_1961376,T1,Canna,Yasuo,2,1,7,Win
ESPORTSTMNT04_1961376,T1,Oner,Lee Sin,5,1,5,Win
ESPORTSTMNT04_1961376,T1,Faker,Lissandra,1,0,8,Win
ESPORTSTMNT04_1961376,T1,Gumayusi,Jhin,5,1,5,Win
ESPORTSTMNT04_1961376,T1,Keria,Rakan,0,2,11,Win
ESPORTSTMNT04_1961376,Dplus KIA,Khan,Graves,1,3,3,Loss
ESPORTSTMNT04_1961376,Dplus KIA,Canyon,Xin Zhao,2,3,3,Loss
ESPORTSTMNT04_1961376,Dplus KIA,ShowMaker,LeBlanc,1,3,3,Loss
ESPORTSTMNT04_1961376,Dplus KIA,Ghost,Draven,1,2,0,Loss
ESPORTSTMNT04_1961376,Dplus KIA,BeryL,Alistar,0,2,5,Loss
ESPORTSTMNT04_1961377,Dplus KIA,Khan,Lucian,1,5,4,Loss
ESPORTSTMNT04_1961377,Dplus KIA,Canyon,Jarvan IV,3,4,6,Loss
ESPORTSTMNT04_1961377,Dplus KIA,ShowMaker,Syndra,3,2,6,Loss
ESPORTSTMNT04_1961377,Dplus KIA,Ghost,Miss Fortune,3,5,2,Loss
ESPORTSTMNT04_1961377,Dplus KIA,BeryL,Maokai,0,6,6,Loss
ESPORTSTMNT04_1961377,T1,Canna,Kennen,4,6,4,Win
ESPORTSTMNT04_1961377,T1,Oner,Xin Zhao,4,2,9,Win
ESPORTSTMNT04_1961377,T1,Faker,Ryze,5,1,8,Win
ESPORTSTMNT04_1961377,T1,Gumayusi,Jhin,8,1,10,Win
ESPORTSTMNT04_1961377,T1,Keria,Zilean,1,0,19,Win
ESPORTSTMNT04_1971308,Dplus KIA,Khan,Gragas,2,0,9,Win
ESPORTSTMNT04_1971308,Dplus KIA,Canyon,Qiyana,3,1,6,Win
ESPORTSTMNT04_1971308,Dplus KIA,ShowMaker,LeBlanc,11,0,3,Win
ESPORTSTMNT04_1971308,Dplus KIA,Ghost,Jhin,2,0,6,Win
ESPORTSTMNT04_1971308,Dplus KIA,BeryL,Rakan,0,0,12,Win
ESPORTSTMNT04_1971308,T1,Canna,Jayce,0,3,0,Loss
ESPORTSTMNT04_1971308,T1,Oner,Jarvan IV,1,2,0,Loss
ESPORTSTMNT04_1971308,T1,Faker,Ryze,0,6,0,Loss
ESPORTSTMNT04_1971308,T1,Gumayusi,Lucian,0,4,0,Loss
ESPORTSTMNT04_1971308,T1,Keria,Lulu,0,3,0,Loss
ESPORTSTMNT04_1971325,T1,Canna,Kennen,1,3,5,Loss
ESPORTSTMNT04_1971325,T1,Oner,Xin Zhao,2,4,3,Loss
ESPORTSTMNT04_1971325,T1,Faker,Azir,1,2,1,Loss
ESPORTSTMNT04_1971325,T1,Gumayusi,Aphelios,3,3,2,Loss
ESPORTSTMNT04_1971325,T1,Keria,Zilean,0,3,5,Loss
ESPORTSTMNT04_1971325,Dplus KIA,Khan,Graves,6,3,6,Win
ESPORTSTMNT04_1971325,Dplus KIA,Canyon,Talon,3,1,6,Win
ESPORTSTMNT04_1971325,Dplus KIA,ShowMaker,Zoe,2,1,10,Win
ESPORTSTMNT04_1971325,Dplus KIA,Ghost,Ziggs,3,0,9,Win
ESPORTSTMNT04_1971325,Dplus KIA,BeryL,Rakan,1,2,12,Win
ESPORTSTMNT04_1961379,EDward Gaming,Flandre,Jax,1,2,2,Win
ESPORTSTMNT04_1961379,EDward Gaming,Jiejie,Jarvan IV,0,3,7,Win
ESPORTSTMNT04_1961379,EDward Gaming,Scout,Orianna,5,0,4,Win
ESPORTSTMNT04_1961379,EDward Gaming,Viper,Lucian,5,4,6,Win
ESPORTSTMNT04_1961379,EDward Gaming,Meiko,Nami,1,2,9,Win
ESPORTSTMNT04_1961379,Gen.G,Rascal,Gwen,1,4,3,Loss
ESPORTSTMNT04_1961379,Gen.G,Clid,Lee Sin,3,3,5,Loss
ESPORTSTMNT04_1961379,Gen.G,Bdd,Seraphine,2,1,8,Loss
ESPORTSTMNT04_1961379,Gen.G,Ruler,Miss Fortune,2,4,6,Loss
ESPORTSTMNT04_1961379,Gen.G,Life,Lulu,3,0,8,Loss
ESPORTSTMNT04_1961389,Gen.G,Rascal,Renekton,2,2,2,Win
ESPORTSTMNT04_1961389,Gen.G,Clid,Lee Sin,4,1,6,Win
ESPORTSTMNT04_1961389,Gen.G,Bdd,Azir,3,0,8,Win
ESPORTSTMNT04_1961389,Gen.G,Ruler,Jhin,5,0,5,Win
ESPORTSTMNT04_1961389,Gen.G,Life,Rakan,1,0,11,Win
ESPORTSTMNT04_1961389,EDward Gaming,Flandre,Graves,1,3,2,Loss
ESPORTSTMNT04_1961389,EDward Gaming,Jiejie,Jarvan IV,1,4,2,Loss
ESPORTSTMNT04_1961389,EDward Gaming,Scout,Ryze,0,3,2,Loss
ESPORTSTMNT04_1961389,EDward Gaming,Viper,Jinx,0,3,2,Loss
ESPORTSTMNT04_1961389,EDward Gaming,Meiko,Lulu,1,2,1,Loss
ESPORTSTMNT04_1961390,EDward Gaming,Flandre,Gwen,1,4,1,Loss
ESPORTSTMNT04_1961390,EDward Gaming,Jiejie,Jarvan IV,1,4,8,Loss
ESPORTSTMNT04_1961390,EDward Gaming,Scout,Viktor,2,2,4,Loss
ESPORTSTMNT04_1961390,EDward Gaming,Viper,Lucian,6,3,2,Loss
ESPORTSTMNT04_1961390,EDward Gaming,Meiko,Nami,1,3,10,Loss
ESPORTSTMNT04_1961390,Gen.G,Rascal,Renekton,4,1,8,Win
ESPORTSTMNT04_1961390,Gen.G,Clid,Lee Sin,2,2,7,Win
ESPORTSTMNT04_1961390,Gen.G,Bdd,Zoe,4,4,6,Win
ESPORTSTMNT04_1961390,Gen.G,Ruler,Miss Fortune,5,1,8,Win
ESPORTSTMNT04_1961390,Gen.G,Life,Lulu,1,3,12,Win
ESPORTSTMNT04_1961391,EDward Gaming,Flandre,Kennen,2,3,9,Win
ESPORTSTMNT04_1961391,EDward Gaming,Jiejie,Jarvan IV,1,2,16,Win
ESPORTSTMNT04_1961391,EDward Gaming,Scout,Zoe,12,0,7,Win
ESPORTSTMNT04_1961391,EDward Gaming,Viper,Lucian,6,0,8,Win
ESPORTSTMNT04_1961391,EDward Gaming,Meiko,Nami,0,1,17,Win
ESPORTSTMNT04_1961391,Gen.G,Rascal,Graves,1,3,3,Loss
ESPORTSTMNT04_1961391,Gen.G,Clid,Viego,2,5,2,Loss
ESPORTSTMNT04_1961391,Gen.G,Bdd,Azir,3,6,2,Loss
ESPORTSTMNT04_1961391,Gen.G,Ruler,Miss Fortune,0,2,2,Loss
ESPORTSTMNT04_1961391,Gen.G,Life,Lulu,0,5,4,Loss
ESPORTSTMNT04_1961392,Gen.G,Rascal,Renekton,1,4,0,Loss
ESPORTSTMNT04_1961392,Gen.G,Clid,Xin Zhao,1,6,1,Loss
ESPORTSTMNT04_1961392,Gen.G,Bdd,Orianna,0,4,3,Loss
ESPORTSTMNT04_1961392,Gen.G,Ruler,Miss Fortune,1,2,2,Loss
ESPORTSTMNT04_1961392,Gen.G,Life,Rakan,0,3,2,Loss
ESPORTSTMNT04_1961392,EDward Gaming,Flandre,Graves,5,0,5,Win
ESPORTSTMNT04_1961392,EDward Gaming,Jiejie,Jarvan IV,2,0,17,Win
ESPORTSTMNT04_1961392,EDward Gaming,Scout,Ryze,6,1,7,Win
ESPORTSTMNT04_1961392,EDward Gaming,Viper,Jhin,5,1,11,Win
ESPORTSTMNT04_1961392,EDward Gaming,Meiko,Leona,1,1,10,Win
ESPORTSTMNT04_1961415,Dplus KIA,Khan,Yasuo,0,4,2,Loss
ESPORTSTMNT04_1961415,Dplus KIA,Canyon,Xin Zhao,2,3,1,Loss
ESPORTSTMNT04_1961415,Dplus KIA,ShowMaker,LeBlanc,1,2,2,Loss
ESPORTSTMNT04_1961415,Dplus KIA,Ghost,Ziggs,0,3,2,Loss
ESPORTSTMNT04_1961415,Dplus KIA,BeryL,Rakan,1,4,3,Loss
ESPORTSTMNT04_1961415,EDward Gaming,Flandre,Graves,4,0,7,Win
ESPORTSTMNT04_1961415,EDward Gaming,Jiejie,Jarvan IV,4,1,12,Win
ESPORTSTMNT04_1961415,EDward Gaming,Scout,Ryze,6,1,8,Win
ESPORTSTMNT04_1961415,EDward Gaming,Viper,Jhin,2,1,10,Win
ESPORTSTMNT04_1961415,EDward Gaming,Meiko,Zilean,0,1,15,Win
ESPORTSTMNT04_1961427,Dplus KIA,Khan,Graves,7,0,6,Win
ESPORTSTMNT04_1961427,Dplus KIA,Canyon,Qiyana,7,1,8,Win
ESPORTSTMNT04_1961427,Dplus KIA,ShowMaker,Malzahar,5,1,10,Win
ESPORTSTMNT04_1961427,Dplus KIA,Ghost,Jhin,1,0,15,Win
ESPORTSTMNT04_1961427,Dplus KIA,BeryL,Leona,2,1,14,Win
ESPORTSTMNT04_1961427,EDward Gaming,Flandre,Irelia,0,6,2,Loss
ESPORTSTMNT04_1961427,EDward Gaming,Jiejie,Xin Zhao,0,5,2,Loss
ESPORTSTMNT04_1961427,EDward Gaming,Scout,LeBlanc,0,5,1,Loss
ESPORTSTMNT04_1961427,EDward Gaming,Viper,Kai'Sa,3,3,0,Loss
ESPORTSTMNT04_1961427,EDward Gaming,Meiko,Rakan,0,3,3,Loss
ESPORTSTMNT04_1961428,EDward Gaming,Flandre,Jayce,1,5,5,Loss
ESPORTSTMNT04_1961428,EDward Gaming,Jiejie,Xin Zhao,1,4,4,Loss
ESPORTSTMNT04_1961428,EDward Gaming,Scout,Twisted Fate,2,4,5,Loss
ESPORTSTMNT04_1961428,EDward Gaming,Viper,Jhin,2,3,3,Loss
ESPORTSTMNT04_1961428,EDward Gaming,Meiko,Leona,1,1,3,Loss
ESPORTSTMNT04_1961428,Dplus KIA,Khan,Gragas,4,3,10,Win
ESPORTSTMNT04_1961428,Dplus KIA,Canyon,Lee Sin,3,1,6,Win
ESPORTSTMNT04_1961428,Dplus KIA,ShowMaker,Sylas,5,1,4,Win
ESPORTSTMNT04_1961428,Dplus KIA,Ghost,Aphelios,5,0,4,Win
ESPORTSTMNT04_1961428,Dplus KIA,BeryL,Braum,0,2,11,Win
ESPORTSTMNT04_1961429,EDward Gaming,Flandre,Graves,2,0,0,Win
ESPORTSTMNT04_1961429,EDward Gaming,Jiejie,Viego,2,0,4,Win
ESPORTSTMNT04_1961429,EDward Gaming,Scout,Zoe,1,1,3,Win
ESPORTSTMNT04_1961429,EDward Gaming,Viper,Lucian,1,1,1,Win
ESPORTSTMNT04_1961429,EDward Gaming,Meiko,Lulu,0,1,5,Win
ESPORTSTMNT04_1961429,Dplus KIA,Khan,Gwen,0,3,1,Loss
ESPORTSTMNT04_1961429,Dplus KIA,Canyon,Talon,1,1,1,Loss
ESPORTSTMNT04_1961429,Dplus KIA,ShowMaker,Orianna,1,0,0,Loss
ESPORTSTMNT04_1961429,Dplus KIA,Ghost,Jhin,0,1,3,Loss
ESPORTSTMNT04_1961429,Dplus KIA,BeryL,Nami,1,1,2,Loss
ESPORTSTMNT04_1961430,Dplus KIA,Khan,Graves,4,5,5,Loss
ESPORTSTMNT04_1961430,Dplus KIA,Canyon,Trundle,0,5,4,Loss
ESPORTSTMNT04_1961430,Dplus KIA,ShowMaker,Syndra,4,3,1,Loss
ESPORTSTMNT04_1961430,Dplus KIA,Ghost,Ziggs,2,3,5,Loss
ESPORTSTMNT04_1961430,Dplus KIA,BeryL,Leona,0,5,3,Loss
ESPORTSTMNT04_1961430,EDward Gaming,Flandre,Kennen,6,2,9,Win
ESPORTSTMNT04_1961430,EDward Gaming,Jiejie,Xin Zhao,2,4,13,Win
ESPORTSTMNT04_1961430,EDward Gaming,Scout,Zoe,5,1,8,Win
ESPORTSTMNT04_1961430,EDward Gaming,Viper,Aphelios,7,1,7,Win
ESPORTSTMNT04_1961430,EDward Gaming,Meiko,Rakan,1,2,14,Win
