player,champion,games,winrate,pickrate
Abbedagge,Akali,1,1.0,0.0003
Abbedagge,Azir,5,0.4,0.0013
Abbedagge,Galio,2,1.0,0.0005
Abbedagge,Graves,1,0.0,0.0003
Abbedagge,Irelia,2,0.5,0.0005
Abbedagge,LeBlanc,4,0.75,0.0011
Abbedagge,Orianna,1,1.0,0.0003
Abbedagge,Ryze,4,0.75,0.0011
Abbedagge,Sylas,10,0.8,0.0026
Abbedagge,Syndra,1,0.0,0.0003
Abbedagge,Taliyah,1,1.0,0.0003
Abbedagge,Tryndamere,2,0.5,0.0005
Abbedagge,Twisted Fate,7,0.4286,0.0019
Abbedagge,Yasuo,1,1.0,0.0003
Abbedagge,Yone,4,0.5,0.0011
Abbedagge,Zoe,5,0.4,0.0013
Adam,Aatrox,7,0.5714,0.0019
Adam,Darius,1,0.0,0.0003
Adam,Gnar,2,0.5,0.0005
Adam,Graves,6,0.5,0.0016
Adam,Jayce,6,0.5,0.0016
Adam,Kennen,12,0.5,0.0032
Adam,Olaf,1,1.0,0.0003
Adam,Renekton,1,1.0,0.0003
Adam,Viego,1,0.0,0.0003
Adam,Wukong,1,0.0,0.0003
Ale,Aatrox,1,1.0,0.0003
Ale,Camille,5,0.6,0.0013
Ale,Fiora,9,0.5556,0.0024
Ale,Graves,2,1.0,0.0005
Ale,Gwen,11,0.6364,0.0029
Ale,Irelia,10,0.7,0.0026
Ale,Jayce,6,0.5,0.0016
Ale,Kennen,5,0.8,0.0013
Ale,Lee Sin,2,0.5,0.0005
Ale,Lucian,1,1.0,0.0003
Ale,Sett,1,0.0,0.0003
Ale,Singed,1,0.0,0.0003
Ale,Tryndamere,1,1.0,0.0003
Ale,Vayne,1,1.0,0.0003
Ale,Viego,1,1.0,0.0003
Ale,Zed,1,0.0,0.0003
Alphari,Aatrox,1,0.0,0.0003
Alphari,Camille,7,0.5714,0.0019
Alphari,Gangplank,6,0.3333,0.0016
Alphari,Gnar,5,0.8,0.0013
Alphari,Graves,9,0.4444,0.0024
Alphari,Gwen,5,0.4,0.0013
Alphari,Hecarim,1,0.0,0.0003
Alphari,Irelia,1,0.0,0.0003
Alphari,Jarvan IV,3,1.0,0.0008
Alphari,Jax,2,0.5,0.0005
Alphari,Jayce,7,0.4286,0.0019
Alphari,Kayle,2,0.5,0.0005
Alphari,Kennen,9,0.6667,0.0024
Alphari,Malphite,1,1.0,0.0003
Alphari,Poppy,2,0.5,0.0005
Alphari,Quinn,3,0.6667,0.0008
Alphari,Renekton,5,0.8,0.0013
Alphari,Rumble,1,1.0,0.0003
Alphari,Wukong,4,1.0,0.0011
Aria,Irelia,2,0.0,0.0005
Aria,Samira,1,0.0,0.0003
Aria,Senna,1,0.0,0.0003
Aria,Sylas,3,1.0,0.0008
Aria,Tryndamere,1,1.0,0.0003
Aria,Viego,1,1.0,0.0003
Armut,Fiora,2,0.5,0.0005
Armut,Gnar,1,1.0,0.0003
Armut,Graves,19,0.6842,0.005
Armut,Gwen,3,0.6667,0.0008
Armut,Irelia,9,0.5556,0.0024
Armut,Jax,1,0.0,0.0003
Armut,Jayce,4,0.25,0.0011
Armut,Kennen,3,1.0,0.0008
Armut,Ryze,1,0.0,0.0003
Armut,Sylas,1,0.0,0.0003
Armut,Tryndamere,2,0.0,0.0005
Bdd,Aatrox,1,0.0,0.0003
Bdd,Akali,4,0.75,0.0011
Bdd,Cassiopeia,1,1.0,0.0003
Bdd,Ekko,1,1.0,0.0003
Bdd,Galio,1,1.0,0.0003
Bdd,Gragas,1,0.0,0.0003
Bdd,Graves,4,0.75,0.0011
Bdd,Irelia,8,0.75,0.0021
Bdd,Kog'Maw,2,0.5,0.0005
Bdd,LeBlanc,5,0.4,0.0013
Bdd,Lucian,1,1.0,0.0003
Bdd,Ryze,2,1.0,0.0005
Bdd,Sylas,4,0.75,0.0011
Bdd,Taliyah,2,1.0,0.0005
Bdd,Tryndamere,2,0.5,0.0005
Bdd,Xerath,2,0.5,0.0005
Bdd,Yasuo,1,1.0,0.0003
Bdd,Yone,3,0.3333,0.0008
Bdd,Zed,3,0.3333,0.0008
Bdd,Ziggs,1,1.0,0.0003
BeryL,Soraka,1,0.0,0.0003
BeryL,Yuumi,2,0.5,0.0005
Blaber,Ekko,3,0.6667,0.0008
Blaber,Jarvan IV,3,0.3333,0.0008
Blaber,Lee Sin,5,0.6,0.0013
Blaber,Nidalee,4,0.0,0.0011
Blaber,Qiyana,5,0.8,0.0013
Blaber,Sejuani,1,0.0,0.0003
Blaber,Sylas,1,0.0,0.0003
Blaber,Taliyah,3,0.6667,0.0008
Blaber,Talon,2,0.0,0.0005
Blaber,Udyr,1,1.0,0.0003
Bwipo,Aatrox,1,1.0,0.0003
Bwipo,Diana,2,0.0,0.0005
Bwipo,Ekko,10,0.4,0.0026
Bwipo,Ezreal,1,0.0,0.0003
Bwipo,Galio,1,1.0,0.0003
Bwipo,Gangplank,1,0.0,0.0003
Bwipo,Graves,5,0.4,0.0013
Bwipo,Hecarim,2,0.5,0.0005
Bwipo,Jarvan IV,7,0.8571,0.0019
Bwipo,Karthus,2,0.0,0.0005
Bwipo,Lee Sin,7,0.4286,0.0019
Bwipo,Olaf,1,1.0,0.0003
Bwipo,Renekton,1,0.0,0.0003
Bwipo,Rumble,3,0.3333,0.0008
Bwipo,Ryze,1,1.0,0.0003
Bwipo,Sett,2,0.0,0.0005
Bwipo,Taliyah,1,0.0,0.0003
Bwipo,Viego,8,0.75,0.0021
Bwipo,Xin Zhao,7,0.7143,0.0019
Canna,Aatrox,2,0.5,0.0005
Canna,Anivia,1,1.0,0.0003
Canna,Azir,3,1.0,0.0008
Canna,Fiora,13,0.6154,0.0034
Canna,Gangplank,3,0.6667,0.0008
Canna,Graves,31,0.6774,0.0082
Canna,Irelia,4,1.0,0.0011
Canna,Jayce,5,0.8,0.0013
Canna,Kayn,1,1.0,0.0003
Canna,Kennen,3,1.0,0.0008
Canna,Lee Sin,2,0.0,0.0005
Canna,Sylas,1,1.0,0.0003
Canna,Syndra,1,0.0,0.0003
Canna,Tryndamere,2,1.0,0.0005
Canna,Vladimir,1,1.0,0.0003
Canna,Yone,2,0.5,0.0005
Canyon,Aatrox,1,1.0,0.0003
Canyon,Diana,2,1.0,0.0005
Canyon,Ekko,7,0.7143,0.0019
Canyon,Elise,1,0.0,0.0003
Canyon,Gragas,2,0.0,0.0005
Canyon,Graves,3,0.3333,0.0008
Canyon,Irelia,1,0.0,0.0003
Canyon,Jarvan IV,7,0.2857,0.0019
Canyon,Kayn,1,1.0,0.0003
Canyon,Lee Sin,8,0.5,0.0021
Canyon,Lillia,2,0.5,0.0005
Canyon,Nidalee,1,1.0,0.0003
Canyon,Nunu & Willump,5,0.8,0.0013
Canyon,Poppy,7,0.8571,0.0019
Canyon,Qiyana,13,0.5385,0.0034
Canyon,Skarner,1,1.0,0.0003
Canyon,Sylas,5,0.8,0.0013
Canyon,Taliyah,13,0.8462,0.0034
Canyon,Talon,9,0.4444,0.0024
Canyon,Viego,2,0.0,0.0005
Canyon,Yone,4,0.5,0.0011
Canyon,Zed,2,0.5,0.0005
Carzzy,Aphelios,11,0.6364,0.0029
Carzzy,Cassiopeia,1,0.0,0.0003
Carzzy,Draven,7,0.8571,0.0019
Carzzy,Ezreal,5,0.8,0.0013
Carzzy,Jhin,2,0.5,0.0005
Carzzy,Jinx,1,0.0,0.0003
Carzzy,Kai'Sa,1,0.0,0.0003
Carzzy,Lucian,16,0.6875,0.0042
Carzzy,Miss Fortune,6,0.5,0.0016
Carzzy,Samira,1,0.0,0.0003
Carzzy,Seraphine,2,1.0,0.0005
Carzzy,Sylas,1,0.0,0.0003
Carzzy,Vladimir,1,0.0,0.0003
Carzzy,Xerath,1,1.0,0.0003
Carzzy,Yasuo,1,0.0,0.0003
Carzzy,Ziggs,4,0.25,0.0011
Chovy,Azir,1,1.0,0.0003
Chovy,Darius,1,1.0,0.0003
Chovy,Fiora,3,1.0,0.0008
Chovy,Galio,1,0.0,0.0003
Chovy,Kennen,1,0.0,0.0003
Chovy,LeBlanc,1,0.0,0.0003
Chovy,Orianna,3,0.6667,0.0008
Chovy,Qiyana,1,0.0,0.0003
Chovy,Sylas,4,0.75,0.0011
Chovy,Tryndamere,2,1.0,0.0005
Chovy,Twisted Fate,5,0.6,0.0013
Chovy,Vayne,1,0.0,0.0003
Chovy,Vladimir,1,0.0,0.0003
Chovy,Yasuo,2,0.5,0.0005
Chovy,Yone,3,0.6667,0.0008
Clid,Diana,4,0.5,0.0011
Clid,Ekko,18,0.5,0.0048
Clid,Graves,7,0.7143,0.0019
Clid,Jarvan IV,8,0.625,0.0021
Clid,Kayn,1,0.0,0.0003
Clid,Lee Sin,20,0.7,0.0053
Clid,Lillia,1,0.0,0.0003
Clid,Nidalee,3,0.6667,0.0008
Clid,Olaf,2,0.5,0.0005
Clid,Qiyana,17,0.6471,0.0045
Clid,Sejuani,1,1.0,0.0003
Clid,Sylas,1,0.0,0.0003
Clid,Taliyah,4,0.75,0.0011
Clid,Talon,8,1.0,0.0021
Clid,Twisted Fate,1,0.0,0.0003
Clid,Viego,6,0.0,0.0016
Clid,Xin Zhao,4,0.75,0.0011
Clid,Zed,2,0.0,0.0005
Closer,Diana,1,0.0,0.0003
Closer,Ekko,4,1.0,0.0011
Closer,Graves,3,1.0,0.0008
Closer,Irelia,1,0.0,0.0003
Closer,Jarvan IV,4,0.75,0.0011
Closer,Lee Sin,8,0.75,0.0021
Closer,Qiyana,10,0.6,0.0026
Closer,Taliyah,4,0.75,0.0011
Closer,Talon,7,0.7143,0.0019
Closer,Viego,4,0.25,0.0011
Closer,Xin Zhao,1,1.0,0.0003
CoreJJ,Alistar,3,0.6667,0.0008
CoreJJ,Amumu,11,0.6364,0.0029
CoreJJ,Bard,2,0.0,0.0005
CoreJJ,Braum,4,0.25,0.0011
CoreJJ,Corki,1,0.0,0.0003
CoreJJ,Ezreal,1,0.0,0.0003
CoreJJ,Galio,1,0.0,0.0003
CoreJJ,Janna,1,1.0,0.0003
CoreJJ,Leona,7,0.1429,0.0019
CoreJJ,Lulu,1,0.0,0.0003
CoreJJ,Nami,5,0.6,0.0013
CoreJJ,Nautilus,4,0.5,0.0011
CoreJJ,Rakan,7,0.5714,0.0019
CoreJJ,Rell,11,0.3636,0.0029
CoreJJ,Senna,1,0.0,0.0003
CoreJJ,Sett,3,0.6667,0.0008
CoreJJ,Thresh,9,0.4444,0.0024
CoreJJ,Yuumi,4,0.5,0.0011
CoreJJ,Zyra,1,1.0,0.0003
CoreJJ,瓦洛兰之盾,3,0.6667,0.0008
Crisp,Aatrox,1,0.0,0.0003
Crisp,Amumu,10,0.6,0.0026
Crisp,Bard,8,1.0,0.0021
Crisp,Blitzcrank,1,0.0,0.0003
Crisp,Brand,4,0.75,0.0011
Crisp,Braum,1,0.0,0.0003
Crisp,Ezreal,1,0.0,0.0003
Crisp,Gragas,4,0.75,0.0011
Crisp,Karma,3,1.0,0.0008
Crisp,Kennen,1,0.0,0.0003
Crisp,Lee Sin,1,1.0,0.0003
Crisp,Leona,2,1.0,0.0005
Crisp,Lillia,1,0.0,0.0003
Crisp,Lucian,1,0.0,0.0003
Crisp,Lulu,5,0.6,0.0013
Crisp,Nami,17,0.4706,0.0045
Crisp,Pyke,8,0.25,0.0021
Crisp,Rakan,19,0.6842,0.005
Crisp,Rell,3,0.6667,0.0008
Crisp,Senna,1,0.0,0.0003
Crisp,Seraphine,1,0.0,0.0003
Crisp,Soraka,3,0.6667,0.0008
Crisp,Sylas,1,1.0,0.0003
Crisp,Talon,1,0.0,0.0003
Crisp,Thresh,1,1.0,0.0003
Crisp,Twisted Fate,1,0.0,0.0003
Crisp,Xin Zhao,1,1.0,0.0003
Crisp,Yuumi,14,0.5714,0.0037
Cryin,Aatrox,2,0.0,0.0005
Cryin,Amumu,1,1.0,0.0003
Cryin,Irelia,21,0.5238,0.0056
Cryin,Jarvan IV,1,1.0,0.0003
Cryin,LeBlanc,8,0.875,0.0021
Cryin,Lee Sin,2,0.0,0.0005
Cryin,Ryze,11,0.6364,0.0029
Cryin,Sylas,5,0.2,0.0013
Cryin,Taliyah,3,0.3333,0.0008
Cryin,Yone,8,0.875,0.0021
Deft,Amumu,1,1.0,0.0003
Deft,Aphelios,9,0.5556,0.0024
Deft,Ashe,1,1.0,0.0003
Deft,Caitlyn,2,0.0,0.0005
Deft,Draven,2,0.0,0.0005
Deft,Ezreal,7,0.8571,0.0019
Deft,Graves,1,1.0,0.0003
Deft,Jhin,2,0.0,0.0005
Deft,Jinx,2,0.5,0.0005
Deft,Kai'Sa,4,0.75,0.0011
Deft,Kalista,5,0.6,0.0013
Deft,Lucian,12,0.6667,0.0032
Deft,Miss Fortune,5,1.0,0.0013
Deft,Vayne,2,0.5,0.0005
Deft,Ziggs,2,0.5,0.0005
Doinb,Azir,1,1.0,0.0003
Doinb,Irelia,3,0.3333,0.0008
Doinb,Jarvan IV,4,0.75,0.0011
Doinb,Kayn,1,0.0,0.0003
Doinb,LeBlanc,16,0.4375,0.0042
Doinb,Lee Sin,2,0.0,0.0005
Doinb,Malzahar,1,1.0,0.0003
Doinb,Orianna,2,0.5,0.0005
Doinb,Rumble,7,0.4286,0.0019
Doinb,Ryze,30,0.7,0.0079
Doinb,Sett,1,1.0,0.0003
Doinb,Sylas,3,0.0,0.0008
Doinb,Taliyah,2,0.0,0.0005
Doinb,Talon,6,0.6667,0.0016
Doinb,Tryndamere,3,0.6667,0.0008
Doinb,Twisted Fate,14,0.5,0.0037
Doinb,Yone,3,0.3333,0.0008
Doinb,Zed,1,1.0,0.0003
DuDu,Aatrox,12,0.75,0.0032
DuDu,Camille,6,0.6667,0.0016
DuDu,Darius,6,0.3333,0.0016
DuDu,Fiora,3,0.3333,0.0008
DuDu,Gnar,1,0.0,0.0003
DuDu,Graves,10,0.4,0.0026
DuDu,Gwen,1,1.0,0.0003
DuDu,Hecarim,1,0.0,0.0003
DuDu,Irelia,11,0.5455,0.0029
DuDu,Jax,4,1.0,0.0011
DuDu,Jayce,1,0.0,0.0003
DuDu,Malphite,2,1.0,0.0005
DuDu,Sylas,4,0.5,0.0011
DuDu,Tahm Kench,6,0.5,0.0016
DuDu,Tryndamere,17,0.6471,0.0045
DuDu,Wukong,1,1.0,0.0003
Elyoya,Ekko,7,0.5714,0.0019
Elyoya,Evelynn,2,0.0,0.0005
Elyoya,Gragas,3,0.0,0.0008
Elyoya,Graves,4,0.5,0.0011
Elyoya,Jarvan IV,3,0.6667,0.0008
Elyoya,Kha'Zix,1,1.0,0.0003
Elyoya,Lee Sin,10,0.6,0.0026
Elyoya,Lucian,1,0.0,0.0003
Elyoya,Nidalee,3,0.6667,0.0008
Elyoya,Olaf,4,0.75,0.0011
Elyoya,Poppy,2,0.5,0.0005
Elyoya,Qiyana,26,0.5,0.0069
Elyoya,Taliyah,19,0.4737,0.005
Elyoya,Talon,14,0.5714,0.0037
Elyoya,Viego,1,1.0,0.0003
Elyoya,Zed,7,0.7143,0.0019
Evi,Camille,1,1.0,0.0003
Evi,Gnar,1,1.0,0.0003
Evi,Gwen,3,1.0,0.0008
Evi,Kennen,4,0.5,0.0011
Evi,Poppy,4,0.5,0.0011
Evi,Renekton,1,1.0,0.0003
Evi,Tryndamere,3,0.3333,0.0008
FBI,Aphelios,3,1.0,0.0008
FBI,Ezreal,6,0.1667,0.0016
FBI,Jhin,2,0.5,0.0005
FBI,Kai'Sa,4,0.75,0.0011
FBI,Lucian,4,0.75,0.0011
FBI,Miss Fortune,5,0.2,0.0013
FBI,Vayne,1,0.0,0.0003
Faker,Ekko,1,0.0,0.0003
Faker,Fizz,1,1.0,0.0003
Faker,Gangplank,1,1.0,0.0003
Faker,Irelia,1,1.0,0.0003
Faker,Kayn,1,0.0,0.0003
Faker,LeBlanc,12,0.4167,0.0032
Faker,Lee Sin,2,0.5,0.0005
Faker,Lissandra,2,1.0,0.0005
Faker,Malzahar,1,1.0,0.0003
Faker,Orianna,2,0.5,0.0005
Faker,Qiyana,2,1.0,0.0005
Faker,Ryze,2,0.5,0.0005
Faker,Singed,4,0.75,0.0011
Faker,Sylas,11,0.8182,0.0029
Faker,Syndra,1,1.0,0.0003
Faker,Talon,1,1.0,0.0003
Faker,Tryndamere,4,0.5,0.0011
Faker,Twisted Fate,6,0.3333,0.0016
Faker,Viego,1,0.0,0.0003
Faker,Yasuo,1,0.0,0.0003
Faker,Yone,1,1.0,0.0003
Faker,Zed,1,0.0,0.0003
Faker,Zoe,2,1.0,0.0005
Flandre,Aatrox,7,0.5714,0.0019
Flandre,Fiora,5,0.8,0.0013
Flandre,Gangplank,1,1.0,0.0003
Flandre,Graves,9,0.4444,0.0024
Flandre,Irelia,18,0.6667,0.0048
Flandre,Jax,4,0.5,0.0011
Flandre,Jayce,8,0.625,0.0021
Flandre,Kennen,3,0.3333,0.0008
Flandre,Lucian,1,0.0,0.0003
Flandre,Qiyana,12,0.6667,0.0032
Flandre,Quinn,1,0.0,0.0003
Flandre,Riven,1,0.0,0.0003
Flandre,Singed,1,0.0,0.0003
Flandre,Sylas,1,1.0,0.0003
Flandre,Tryndamere,1,0.0,0.0003
Flandre,Vayne,1,0.0,0.0003
Flandre,Yasuo,1,0.0,0.0003
Fudge,Camille,1,1.0,0.0003
Fudge,Fiora,3,0.6667,0.0008
Fudge,Graves,1,0.0,0.0003
Fudge,Gwen,1,1.0,0.0003
Fudge,Irelia,2,0.5,0.0005
Fudge,Jayce,1,0.0,0.0003
Fudge,Kennen,1,0.0,0.0003
Fudge,Tryndamere,2,0.5,0.0005
Fudge,Viego,2,0.5,0.0005
GALA,Aphelios,39,0.641,0.0103
GALA,Ezreal,1,0.0,0.0003
GALA,Jinx,14,0.5,0.0037
GALA,Kai'Sa,5,1.0,0.0013
GALA,Kog'Maw,3,0.6667,0.0008
GALA,Lucian,62,0.5968,0.0164
GALA,Miss Fortune,5,0.8,0.0013
GALA,Twitch,1,0.0,0.0003
GALA,Xayah,2,0.5,0.0005
GALA,Ziggs,3,0.6667,0.0008
Gaeng,Alistar,1,0.0,0.0003
Gaeng,Amumu,2,1.0,0.0005
Gaeng,Braum,3,0.6667,0.0008
Gaeng,Camille,1,1.0,0.0003
Gaeng,Gragas,2,0.5,0.0005
Gaeng,Janna,1,0.0,0.0003
Gaeng,Leona,1,0.0,0.0003
Gaeng,Lulu,2,1.0,0.0005
Gaeng,Nami,1,1.0,0.0003
Gaeng,Nautilus,2,1.0,0.0005
Gaeng,Pyke,4,1.0,0.0011
Gaeng,Rakan,5,1.0,0.0013
Gaeng,Rell,1,1.0,0.0003
Gaeng,Sett,4,0.0,0.0011
Gaeng,Thresh,3,0.6667,0.0008
Gaeng,Yuumi,1,1.0,0.0003
Ghost,Aphelios,9,0.8889,0.0024
Ghost,Draven,8,0.5,0.0021
Ghost,Ekko,1,0.0,0.0003
Ghost,Ezreal,1,1.0,0.0003
Ghost,Kai'Sa,2,0.5,0.0005
Ghost,Lee Sin,1,1.0,0.0003
Ghost,Lucian,17,0.4706,0.0045
Ghost,Miss Fortune,3,0.6667,0.0008
Ghost,Tristana,1,0.0,0.0003
Ghost,Twitch,1,1.0,0.0003
Ghost,Vayne,1,1.0,0.0003
Ghost,Xayah,1,1.0,0.0003
Ghost,Ziggs,1,0.0,0.0003
Gumayusi,Aphelios,10,0.6,0.0026
Gumayusi,Caitlyn,1,0.0,0.0003
Gumayusi,Draven,15,0.6667,0.004
Gumayusi,Ekko,1,1.0,0.0003
Gumayusi,Ezreal,5,0.4,0.0013
Gumayusi,Jhin,9,0.5556,0.0024
Gumayusi,Kayn,1,0.0,0.0003
Gumayusi,Lee Sin,4,0.5,0.0011
Gumayusi,Lucian,41,0.7561,0.0108
Gumayusi,Miss Fortune,10,0.5,0.0026
Gumayusi,Twitch,1,1.0,0.0003
Gumayusi,Vayne,1,1.0,0.0003
Gumayusi,Xin Zhao,1,1.0,0.0003
Gumayusi,Ziggs,1,0.0,0.0003
Hanabi,Aatrox,6,0.8333,0.0016
Hanabi,Gnar,5,0.8,0.0013
Hanabi,Gragas,1,0.0,0.0003
Hanabi,Graves,31,0.5484,0.0082
Hanabi,Gwen,9,0.7778,0.0024
Hanabi,Jax,3,0.3333,0.0008
Hanabi,Jayce,4,0.5,0.0011
Hanabi,Kennen,14,0.5714,0.0037
Hanabi,Lee Sin,1,0.0,0.0003
Hanabi,Renekton,1,1.0,0.0003
Hanabi,Sylas,1,1.0,0.0003
Hanabi,Tryndamere,1,0.0,0.0003
Hanabi,Vayne,1,0.0,0.0003
Hans-sama,Aphelios,7,0.5714,0.0019
Hans-sama,Draven,11,0.6364,0.0029
Hans-sama,Ezreal,4,0.5,0.0011
Hans-sama,Jhin,1,1.0,0.0003
Hans-sama,Kai'Sa,1,0.0,0.0003
Hans-sama,Lucian,16,0.625,0.0042
Hans-sama,Miss Fortune,11,0.8182,0.0029
Hans-sama,Syndra,1,1.0,0.0003
Hans-sama,Vayne,1,0.0,0.0003
Huhi,Akali,1,0.0,0.0003
Huhi,Alistar,1,0.0,0.0003
Huhi,Amumu,5,0.2,0.0013
Huhi,Bard,2,0.5,0.0005
Huhi,Karma,1,0.0,0.0003
Huhi,Leona,2,0.5,0.0005
Huhi,Lulu,1,0.0,0.0003
Huhi,Nami,2,1.0,0.0005
Huhi,Pyke,2,0.5,0.0005
Huhi,Rakan,1,1.0,0.0003
Huhi,Shen,1,1.0,0.0003
Huhi,Sylas,3,0.3333,0.0008
Humanoid,Ahri,1,0.0,0.0003
Humanoid,Azir,13,0.3846,0.0034
Humanoid,Ezreal,1,1.0,0.0003
Humanoid,Graves,1,0.0,0.0003
Humanoid,Jayce,1,0.0,0.0003
Humanoid,Jhin,1,0.0,0.0003
Humanoid,LeBlanc,8,0.5,0.0021
Humanoid,Lucian,1,1.0,0.0003
Humanoid,Nasus,1,1.0,0.0003
Humanoid,Nilah,2,0.5,0.0005
Humanoid,Orianna,1,0.0,0.0003
Humanoid,Ryze,1,1.0,0.0003
Humanoid,Sylas,4,0.75,0.0011
Humanoid,Tryndamere,1,0.0,0.0003
Humanoid,Twisted Fate,5,0.0,0.0013
Humanoid,Vex,4,0.5,0.0011
Humanoid,Yone,1,0.0,0.0003
Hylissang,Leona,1,1.0,0.0003
Hylissang,Nami,5,0.6,0.0013
Hylissang,Pyke,1,1.0,0.0003
Hylissang,Rakan,1,0.0,0.0003
Inspired,Talon,1,1.0,0.0003
Iwandy,Amumu,4,0.75,0.0011
Iwandy,Bard,2,0.5,0.0005
Iwandy,Braum,1,1.0,0.0003
Iwandy,Ezreal,2,0.0,0.0005
Iwandy,Fiora,1,0.0,0.0003
Iwandy,Galio,1,1.0,0.0003
Iwandy,Irelia,1,0.0,0.0003
Iwandy,Janna,6,0.8333,0.0016
Iwandy,Jax,2,0.0,0.0005
Iwandy,Kai'Sa,1,0.0,0.0003
Iwandy,Karma,2,0.5,0.0005
Iwandy,Kha'Zix,1,0.0,0.0003
Iwandy,Lee Sin,4,0.5,0.0011
Iwandy,Leona,9,0.6667,0.0024
Iwandy,Lucian,2,1.0,0.0005
Iwandy,Lulu,1,0.0,0.0003
Iwandy,Miss Fortune,1,0.0,0.0003
Iwandy,Nami,15,0.5333,0.004
Iwandy,Nautilus,1,1.0,0.0003
Iwandy,Pyke,11,0.8182,0.0029
Iwandy,Rakan,34,0.7059,0.009
Iwandy,Rell,10,0.6,0.0026
Iwandy,Senna,2,0.5,0.0005
Iwandy,Sett,1,1.0,0.0003
Iwandy,Soraka,1,1.0,0.0003
Iwandy,Sylas,4,0.5,0.0011
Iwandy,Taliyah,1,0.0,0.0003
Iwandy,Talon,1,1.0,0.0003
Iwandy,Thresh,4,0.75,0.0011
Iwandy,Trundle,2,1.0,0.0005
Iwandy,Vayne,2,0.5,0.0005
Iwandy,Xerath,1,0.0,0.0003
Iwandy,Yuumi,13,0.6154,0.0034
Iwandy,Zed,1,0.0,0.0003
Iwandy,时光守护者,3,1.0,0.0008
Jensen,Aphelios,2,0.5,0.0005
Jensen,Aurelion Sol,1,0.0,0.0003
Jensen,Azir,3,0.3333,0.0008
Jensen,Cassiopeia,1,1.0,0.0003
Jensen,Ezreal,1,0.0,0.0003
Jensen,Heimerdinger,1,0.0,0.0003
Jensen,Irelia,11,0.4545,0.0029
Jensen,Katarina,1,0.0,0.0003
Jensen,LeBlanc,3,1.0,0.0008
Jensen,Lucian,1,1.0,0.0003
Jensen,Miss Fortune,2,0.5,0.0005
Jensen,Orianna,1,0.0,0.0003
Jensen,Qiyana,1,1.0,0.0003
Jensen,Senna,1,1.0,0.0003
Jensen,Sylas,10,0.8,0.0026
Jensen,Tryndamere,7,0.8571,0.0019
Jensen,Twisted Fate,1,1.0,0.0003
Jensen,Yone,20,0.6,0.0053
Jensen,Zoe,1,1.0,0.0003
Jiejie,Corki,1,0.0,0.0003
Jiejie,Diana,5,0.6,0.0013
Jiejie,Draven,6,0.3333,0.0016
Jiejie,Ekko,1,0.0,0.0003
Jiejie,Evelynn,1,1.0,0.0003
Jiejie,Graves,8,0.5,0.0021
Jiejie,Jarvan IV,5,0.8,0.0013
Jiejie,Kayn,2,0.5,0.0005
Jiejie,Kha'Zix,3,0.6667,0.0008
Jiejie,Kindred,3,1.0,0.0008
Jiejie,Lee Sin,9,0.6667,0.0024
Jiejie,Lillia,6,0.8333,0.0016
Jiejie,Nidalee,9,0.7778,0.0024
Jiejie,Olaf,1,1.0,0.0003
Jiejie,Poppy,5,0.6,0.0013
Jiejie,Qiyana,16,0.5,0.0042
Jiejie,Taliyah,4,0.75,0.0011
Jiejie,Talon,9,0.6667,0.0024
Jiejie,Vayne,2,0.0,0.0005
Jiejie,Viego,2,1.0,0.0005
Jiejie,Xin Zhao,5,0.8,0.0013
Jiejie,Zed,1,0.0,0.0003
Kaiser,Aatrox,2,1.0,0.0005
Kaiser,Amumu,2,0.5,0.0005
Kaiser,Bard,1,1.0,0.0003
Kaiser,Braum,1,0.0,0.0003
Kaiser,Leona,12,0.5,0.0032
Kaiser,Lulu,2,1.0,0.0005
Kaiser,Lux,1,1.0,0.0003
Kaiser,Nami,8,0.5,0.0021
Kaiser,Nautilus,3,1.0,0.0008
Kaiser,Pyke,2,0.5,0.0005
Kaiser,Rakan,5,0.8,0.0013
Kaiser,Rell,2,1.0,0.0005
Kaiser,Senna,3,0.6667,0.0008
Kaiser,Seraphine,1,1.0,0.0003
Kaiser,Sett,2,0.5,0.0005
Kaiser,Soraka,1,0.0,0.0003
Kaiser,Thresh,3,0.6667,0.0008
Kaiser,Yuumi,4,0.5,0.0011
Kaiwing,Amumu,5,0.4,0.0013
Kaiwing,Braum,1,1.0,0.0003
Kaiwing,Nautilus,2,1.0,0.0005
Kaiwing,Rakan,1,0.0,0.0003
Kaiwing,Rell,19,0.7895,0.005
Kaiwing,Senna,1,1.0,0.0003
Kaiwing,Thresh,1,1.0,0.0003
Keria,Amumu,2,0.5,0.0005
Keria,Annie,5,0.6,0.0013
Keria,Aphelios,1,1.0,0.0003
Keria,Ekko,2,0.5,0.0005
Keria,Fiora,1,0.0,0.0003
Keria,Gragas,1,1.0,0.0003
Keria,Graves,1,1.0,0.0003
Keria,Irelia,2,0.5,0.0005
Keria,Jayce,1,1.0,0.0003
Keria,Lee Sin,2,0.0,0.0005
Keria,Leona,1,0.0,0.0003
Keria,Lucian,1,0.0,0.0003
Keria,Lulu,1,1.0,0.0003
Keria,Nami,4,1.0,0.0011
Keria,Nautilus,1,0.0,0.0003
Keria,Pyke,1,1.0,0.0003
Keria,Rakan,1,1.0,0.0003
Keria,Rengar,1,0.0,0.0003
Keria,Senna,1,1.0,0.0003
Keria,Seraphine,1,1.0,0.0003
Keria,Soraka,2,0.5,0.0005
Keria,Sylas,2,1.0,0.0005
Keria,Taliyah,1,0.0,0.0003
Keria,Tryndamere,3,0.3333,0.0008
Keria,Yuumi,3,0.6667,0.0008
Khan,Aatrox,7,0.8571,0.0019
Khan,Akali,2,1.0,0.0005
Khan,Camille,4,0.25,0.0011
Khan,Cassiopeia,1,1.0,0.0003
Khan,Fiora,3,0.3333,0.0008
Khan,Gragas,3,1.0,0.0008
Khan,Graves,12,0.4167,0.0032
Khan,Gwen,1,0.0,0.0003
Khan,Irelia,15,0.6667,0.004
Khan,Jax,6,0.5,0.0016
Khan,Jayce,10,0.6,0.0026
Khan,Kennen,2,0.5,0.0005
Khan,Lee Sin,1,0.0,0.0003
Khan,Lucian,7,0.5714,0.0019
Khan,Lulu,1,0.0,0.0003
Khan,Quinn,1,1.0,0.0003
Khan,Ryze,2,1.0,0.0005
Khan,Sett,1,1.0,0.0003
Khan,Shen,1,0.0,0.0003
Khan,Sylas,1,1.0,0.0003
Khan,Vladimir,2,1.0,0.0005
Larssen,Galio,2,0.0,0.0005
Larssen,LeBlanc,9,0.5556,0.0024
Larssen,Lissandra,2,1.0,0.0005
Larssen,Orianna,1,1.0,0.0003
Larssen,Ryze,16,0.4375,0.0042
Larssen,Sylas,5,0.4,0.0013
Larssen,Tryndamere,2,0.0,0.0005
Larssen,Twisted Fate,1,0.0,0.0003
Larssen,Zoe,1,0.0,0.0003
Life,Amumu,8,0.5,0.0021
Life,Braum,1,1.0,0.0003
Life,Galio,1,1.0,0.0003
Life,Gragas,3,0.3333,0.0008
Life,Jarvan IV,3,0.6667,0.0008
Life,Karma,15,0.6667,0.004
Life,Leona,3,0.6667,0.0008
Life,Lulu,3,0.6667,0.0008
Life,Nami,10,0.7,0.0026
Life,Nautilus,4,0.25,0.0011
Life,Pyke,1,0.0,0.0003
Life,Rakan,7,1.0,0.0019
Life,Rell,1,1.0,0.0003
Life,Rengar,1,0.0,0.0003
Life,Soraka,1,0.0,0.0003
Life,Thresh,2,0.5,0.0005
Life,Yuumi,12,0.5,0.0032
Light,Aphelios,15,0.6667,0.004
Light,Draven,13,0.5385,0.0034
Light,Ezreal,5,0.6,0.0013
Light,Fiora,1,0.0,0.0003
Light,Jayce,1,1.0,0.0003
Light,Jhin,1,1.0,0.0003
Light,Jinx,1,1.0,0.0003
Light,Kai'Sa,2,0.5,0.0005
Light,Kalista,1,1.0,0.0003
Light,Kog'Maw,1,0.0,0.0003
Light,Lillia,1,0.0,0.0003
Light,Lucian,17,0.5882,0.0045
Light,Miss Fortune,5,0.2,0.0013
Light,Varus,5,0.8,0.0013
Light,Vayne,5,0.8,0.0013
Light,Xayah,1,1.0,0.0003
Light,Xerath,1,1.0,0.0003
Light,Zed,2,0.5,0.0005
Lwx,Aphelios,12,0.6667,0.0032
Lwx,Ezreal,2,1.0,0.0005
Lwx,Irelia,3,0.0,0.0008
Lwx,Jarvan IV,4,0.5,0.0011
Lwx,Jhin,2,0.5,0.0005
Lwx,Jinx,6,0.5,0.0016
Lwx,Kai'Sa,4,0.5,0.0011
Lwx,Karthus,3,0.3333,0.0008
Lwx,Kennen,1,0.0,0.0003
Lwx,Kha'Zix,2,0.5,0.0005
Lwx,Lucian,38,0.5789,0.01
Lwx,Miss Fortune,9,0.5556,0.0024
Lwx,Olaf,1,0.0,0.0003
Lwx,Samira,7,0.4286,0.0019
Lwx,Sett,1,0.0,0.0003
Lwx,Syndra,1,1.0,0.0003
Lwx,Tristana,1,1.0,0.0003
Lwx,Xayah,1,1.0,0.0003
Maple,Azir,1,1.0,0.0003
Maple,Galio,5,0.8,0.0013
Maple,Jayce,2,1.0,0.0005
Maple,LeBlanc,4,0.5,0.0011
Maple,Orianna,2,0.5,0.0005
Maple,Qiyana,1,0.0,0.0003
Maple,Renekton,1,0.0,0.0003
Maple,Ryze,12,0.5833,0.0032
Maple,Sett,1,0.0,0.0003
Maple,Sylas,8,0.625,0.0021
Maple,Syndra,1,1.0,0.0003
Maple,Taliyah,2,1.0,0.0005
Maple,Talon,1,0.0,0.0003
Maple,Tryndamere,10,0.6,0.0026
Maple,Twisted Fate,4,1.0,0.0011
Maple,Yone,6,0.1667,0.0016
Maple,Zed,2,0.0,0.0005
Maple,Zoe,1,1.0,0.0003
Meiko,Aatrox,2,0.5,0.0005
Meiko,Amumu,7,0.4286,0.0019
Meiko,Annie,1,0.0,0.0003
Meiko,Ezreal,1,1.0,0.0003
Meiko,Fiora,3,0.6667,0.0008
Meiko,Gragas,1,1.0,0.0003
Meiko,Janna,1,0.0,0.0003
Meiko,LeBlanc,1,0.0,0.0003
Meiko,Lee Sin,3,0.3333,0.0008
Meiko,Lucian,3,0.6667,0.0008
Meiko,Lulu,12,0.9167,0.0032
Meiko,Nami,19,0.7895,0.005
Meiko,Pyke,6,0.6667,0.0016
Meiko,Rakan,3,0.3333,0.0008
Meiko,Seraphine,6,0.3333,0.0016
Meiko,Sylas,2,0.0,0.0005
Meiko,Yuumi,13,0.7692,0.0034
Meiko,Zed,1,0.0,0.0003
Meiko,瓦洛兰之盾,1,0.0,0.0003
Ming,Alistar,1,1.0,0.0003
Ming,Amumu,4,0.75,0.0011
Ming,Braum,2,0.5,0.0005
Ming,Ezreal,2,0.5,0.0005
Ming,Kai'Sa,2,0.5,0.0005
Ming,Leona,12,0.5833,0.0032
Ming,Lucian,5,0.6,0.0013
Ming,Lulu,3,0.6667,0.0008
Ming,Nami,16,0.5,0.0042
Ming,Nautilus,7,0.4286,0.0019
Ming,Rakan,13,0.8462,0.0034
Ming,Rell,7,0.4286,0.0019
Ming,Sett,4,0.5,0.0011
Ming,Yuumi,2,0.5,0.0005
Morgan,Aatrox,1,1.0,0.0003
Morgan,Camille,7,0.7143,0.0019
Morgan,Fiora,1,1.0,0.0003
Morgan,Gragas,1,1.0,0.0003
Morgan,Graves,15,0.6,0.004
Morgan,Gwen,3,0.0,0.0008
Morgan,Irelia,12,0.5833,0.0032
Morgan,Jarvan IV,1,1.0,0.0003
Morgan,Kennen,4,1.0,0.0011
Morgan,Lee Sin,1,1.0,0.0003
Morgan,Renekton,2,1.0,0.0005
Morgan,Sett,1,1.0,0.0003
Morgan,Shen,1,0.0,0.0003
Nisqy,Azir,4,0.75,0.0011
Nisqy,Cassiopeia,2,1.0,0.0005
Nisqy,Fiora,4,1.0,0.0011
Nisqy,Galio,4,0.25,0.0011
Nisqy,Gragas,1,1.0,0.0003
Nisqy,Graves,2,1.0,0.0005
Nisqy,LeBlanc,3,0.6667,0.0008
Nisqy,Ryze,4,0.75,0.0011
Nisqy,Sylas,4,0.75,0.0011
Nisqy,Tryndamere,13,0.6923,0.0034
Nisqy,Twisted Fate,4,0.5,0.0011
Nisqy,Yasuo,3,0.3333,0.0008
Nisqy,Yone,7,0.7143,0.0019
Nisqy,Zoe,1,1.0,0.0003
Nuguri,Aatrox,8,0.625,0.0021
Nuguri,Gnar,3,0.6667,0.0008
Nuguri,Gragas,5,0.6,0.0013
Nuguri,Graves,48,0.5417,0.0127
Nuguri,Gwen,13,0.6923,0.0034
Nuguri,Irelia,16,0.5,0.0042
Nuguri,Jax,1,0.0,0.0003
Nuguri,Jayce,15,0.7333,0.004
Nuguri,Kennen,18,0.7222,0.0048
Nuguri,Lee Sin,10,0.7,0.0026
Nuguri,Lillia,1,1.0,0.0003
Nuguri,Lucian,1,1.0,0.0003
Nuguri,Renekton,1,1.0,0.0003
Nuguri,Ryze,1,0.0,0.0003
Nuguri,Senna,1,0.0,0.0003
Nuguri,Vladimir,1,0.0,0.0003
Odoamne,Aatrox,10,0.6,0.0026
Odoamne,Camille,1,1.0,0.0003
Odoamne,Fiora,3,0.6667,0.0008
Odoamne,Gnar,3,1.0,0.0008
Odoamne,Graves,6,0.5,0.0016
Odoamne,Gwen,3,1.0,0.0008
Odoamne,Jax,1,1.0,0.0003
Odoamne,Jayce,4,0.25,0.0011
Odoamne,Tahm Kench,1,1.0,0.0003
Oner,Diana,1,0.0,0.0003
Oner,Ekko,9,0.6667,0.0024
Oner,Evelynn,2,0.5,0.0005
Oner,Gragas,3,1.0,0.0008
Oner,Graves,4,1.0,0.0011
Oner,Jarvan IV,3,0.3333,0.0008
Oner,Karthus,1,1.0,0.0003
Oner,Kayn,1,1.0,0.0003
Oner,LeBlanc,2,0.5,0.0005
Oner,Lee Sin,20,0.7,0.0053
Oner,Nidalee,6,0.5,0.0016
Oner,Qiyana,25,0.6,0.0066
Oner,Sylas,2,0.5,0.0005
Oner,Taliyah,10,0.7,0.0026
Oner,Talon,12,0.6667,0.0032
Oner,Viego,2,0.5,0.0005
Oner,Xin Zhao,4,0.5,0.0011
Oner,Yasuo,1,1.0,0.0003
Oner,Zed,1,0.0,0.0003
Perkz,Irelia,1,0.0,0.0003
Perkz,LeBlanc,2,0.0,0.0005
Perkz,Ryze,1,0.0,0.0003
Perkz,Syndra,1,1.0,0.0003
Perkz,Tryndamere,1,0.0,0.0003
Perkz,Yasuo,1,1.0,0.0003
Rascal,Aatrox,12,0.5833,0.0032
Rascal,Camille,21,0.4762,0.0056
Rascal,Fiora,2,0.0,0.0005
Rascal,Gangplank,1,1.0,0.0003
Rascal,Gnar,3,0.3333,0.0008
Rascal,Graves,7,0.5714,0.0019
Rascal,Gwen,5,0.6,0.0013
Rascal,Irelia,16,0.5,0.0042
Rascal,Jarvan IV,1,1.0,0.0003
Rascal,Jayce,4,0.75,0.0011
Rascal,Jhin,3,0.6667,0.0008
Rascal,Kennen,14,0.6429,0.0037
Rascal,LeBlanc,1,1.0,0.0003
Rascal,Lee Sin,9,0.5556,0.0024
Rascal,Mordekaiser,1,0.0,0.0003
Rascal,Renekton,5,0.2,0.0013
Rascal,Sett,4,0.5,0.0011
Rascal,Sylas,4,0.75,0.0011
Rascal,Vladimir,7,0.4286,0.0019
Rascal,Volibear,1,1.0,0.0003
Rascal,暴怒骑士,1,1.0,0.0003
River,Ekko,1,0.0,0.0003
River,Gragas,1,1.0,0.0003
River,Graves,1,1.0,0.0003
River,Jarvan IV,5,0.4,0.0013
River,Kindred,1,1.0,0.0003
River,Lee Sin,7,0.5714,0.0019
River,Lucian,3,1.0,0.0008
River,Olaf,1,0.0,0.0003
River,Qiyana,12,0.5,0.0032
River,Samira,1,1.0,0.0003
River,Sylas,1,0.0,0.0003
River,Taliyah,8,0.75,0.0021
River,Talon,3,0.6667,0.0008
River,Viego,1,0.0,0.0003
River,Xin Zhao,1,1.0,0.0003
River,Yone,1,0.0,0.0003
River,Zac,1,1.0,0.0003
River,Zed,1,1.0,0.0003
Ruler,Aatrox,1,0.0,0.0003
Ruler,Aphelios,4,0.5,0.0011
Ruler,Ashe,1,0.0,0.0003
Ruler,Draven,6,0.5,0.0016
Ruler,Ezreal,7,0.7143,0.0019
Ruler,Jhin,11,0.6364,0.0029
Ruler,Kai'Sa,3,0.6667,0.0008
Ruler,Kalista,2,0.5,0.0005
Ruler,Lucian,23,0.6522,0.0061
Ruler,Miss Fortune,18,0.5,0.0048
Ruler,Samira,1,0.0,0.0003
Ruler,Syndra,2,0.5,0.0005
Ruler,Twitch,1,1.0,0.0003
Ruler,Varus,1,1.0,0.0003
Ruler,Ziggs,8,0.875,0.0021
Santorin,Ekko,1,0.0,0.0003
Santorin,Evelynn,1,1.0,0.0003
Santorin,Graves,4,0.75,0.0011
Santorin,Lee Sin,10,0.6,0.0026
Santorin,Leona,1,1.0,0.0003
Santorin,Lillia,1,0.0,0.0003
Santorin,Nami,1,1.0,0.0003
Santorin,Nidalee,1,0.0,0.0003
Santorin,Nocturne,1,0.0,0.0003
Santorin,Olaf,1,0.0,0.0003
Santorin,Qiyana,3,1.0,0.0008
Santorin,Taliyah,6,0.6667,0.0016
Santorin,Talon,6,0.5,0.0016
Santorin,Viego,4,0.0,0.0011
Santorin,Xin Zhao,4,0.5,0.0011
Scout,Aatrox,1,0.0,0.0003
Scout,Annie,1,1.0,0.0003
Scout,Azir,1,0.0,0.0003
Scout,Corki,1,0.0,0.0003
Scout,Galio,1,1.0,0.0003
Scout,Gangplank,1,0.0,0.0003
Scout,Graves,5,0.6,0.0013
Scout,Irelia,7,0.4286,0.0019
Scout,Jayce,2,0.5,0.0005
Scout,Kennen,1,0.0,0.0003
Scout,Kog'Maw,2,0.5,0.0005
Scout,LeBlanc,5,0.8,0.0013
Scout,Lee Sin,1,1.0,0.0003
Scout,Lissandra,1,1.0,0.0003
Scout,Orianna,2,0.5,0.0005
Scout,Qiyana,4,0.5,0.0011
Scout,Ryze,3,0.6667,0.0008
Scout,Singed,1,1.0,0.0003
Scout,Sylas,4,0.75,0.0011
Scout,Syndra,1,1.0,0.0003
Scout,Taliyah,1,1.0,0.0003
Scout,Tryndamere,16,0.625,0.0042
Scout,Twisted Fate,2,0.5,0.0005
Scout,Vayne,1,1.0,0.0003
Scout,Yasuo,1,0.0,0.0003
Scout,Yone,6,0.6667,0.0016
Scout,Zed,1,0.0,0.0003
Scout,Zoe,2,1.0,0.0005
ShowMaker,Camille,4,0.5,0.0011
ShowMaker,Ezreal,4,0.5,0.0011
ShowMaker,Fizz,3,0.6667,0.0008
ShowMaker,Irelia,6,0.6667,0.0016
ShowMaker,Jayce,1,1.0,0.0003
ShowMaker,Kog'Maw,1,1.0,0.0003
ShowMaker,LeBlanc,7,0.7143,0.0019
ShowMaker,Lee Sin,3,0.6667,0.0008
ShowMaker,Lucian,2,1.0,0.0005
ShowMaker,Orianna,2,1.0,0.0005
ShowMaker,Ryze,5,0.8,0.0013
ShowMaker,Seraphine,1,1.0,0.0003
ShowMaker,Sylas,20,0.75,0.0053
ShowMaker,Taliyah,3,0.6667,0.0008
ShowMaker,Tryndamere,1,1.0,0.0003
ShowMaker,Twisted Fate,4,0.75,0.0011
ShowMaker,Yasuo,4,0.75,0.0011
ShowMaker,Yone,10,0.6,0.0026
ShowMaker,Zoe,3,0.6667,0.0008
Ssumday,Aatrox,5,0.4,0.0013
Ssumday,Camille,1,1.0,0.0003
Ssumday,Darius,1,0.0,0.0003
Ssumday,Fiora,4,0.5,0.0011
Ssumday,Garen,1,0.0,0.0003
Ssumday,Graves,15,0.4,0.004
Ssumday,Irelia,2,0.0,0.0005
Ssumday,Jax,3,0.3333,0.0008
Ssumday,Kennen,5,0.4,0.0013
Ssumday,Lee Sin,1,0.0,0.0003
Ssumday,Malphite,2,0.5,0.0005
Ssumday,Shen,3,0.0,0.0008
Ssumday,Tryndamere,6,0.8333,0.0016
Ssumday,Vayne,1,1.0,0.0003
Steal,Lillia,2,0.0,0.0005
Steal,Nidalee,2,0.5,0.0005
Steal,Qiyana,2,0.5,0.0005
Steal,Rakan,1,0.0,0.0003
Steal,Taliyah,2,1.0,0.0005
Steal,Talon,2,0.0,0.0005
Steal,Zed,5,0.8,0.0013
Steal,Ziggs,1,1.0,0.0003
Tactical,Aphelios,7,0.7143,0.0019
Tactical,Caitlyn,1,1.0,0.0003
Tactical,Draven,1,1.0,0.0003
Tactical,Ezreal,5,0.8,0.0013
Tactical,Jhin,5,0.6,0.0013
Tactical,Jinx,1,1.0,0.0003
Tactical,Kai'Sa,1,1.0,0.0003
Tactical,Kalista,1,1.0,0.0003
Tactical,Lucian,9,0.7778,0.0024
Tactical,Miss Fortune,4,0.75,0.0011
Tactical,Ryze,1,0.0,0.0003
Tactical,Samira,3,0.3333,0.0008
Tactical,Senna,1,1.0,0.0003
Tactical,Twitch,3,0.6667,0.0008
Tactical,Vayne,2,0.5,0.0005
Tactical,Xayah,1,0.0,0.0003
Tactical,Ziggs,4,0.75,0.0011
Tarzan,Aatrox,1,1.0,0.0003
Tarzan,Diana,5,0.8,0.0013
Tarzan,Ekko,2,0.5,0.0005
Tarzan,Gragas,3,0.3333,0.0008
Tarzan,Graves,5,0.4,0.0013
Tarzan,Hecarim,1,0.0,0.0003
Tarzan,Irelia,1,0.0,0.0003
Tarzan,Karthus,1,0.0,0.0003
Tarzan,Kayn,2,0.0,0.0005
Tarzan,Kog'Maw,1,1.0,0.0003
Tarzan,Lee Sin,19,0.6316,0.005
Tarzan,Lillia,11,0.7273,0.0029
Tarzan,Nidalee,1,1.0,0.0003
Tarzan,Olaf,1,1.0,0.0003
Tarzan,Qiyana,8,0.75,0.0021
Tarzan,Taliyah,7,0.5714,0.0019
Tarzan,Talon,4,0.0,0.0011
Tarzan,Viego,3,0.0,0.0008
Tarzan,Volibear,1,0.0,0.0003
Tarzan,Xerath,1,1.0,0.0003
Tarzan,Xin Zhao,3,1.0,0.0008
Tarzan,Yuumi,1,1.0,0.0003
Tarzan,Zac,1,0.0,0.0003
Tarzan,Zed,8,0.625,0.0021
Tian,Aatrox,2,0.0,0.0005
Tian,Ekko,7,0.8571,0.0019
Tian,Graves,4,0.75,0.0011
Tian,Hecarim,1,1.0,0.0003
Tian,Jarvan IV,5,0.6,0.0013
Tian,Jayce,1,0.0,0.0003
Tian,Karthus,1,1.0,0.0003
Tian,Kha'Zix,2,0.5,0.0005
Tian,Lee Sin,23,0.6522,0.0061
Tian,Nidalee,3,0.6667,0.0008
Tian,Nocturne,1,0.0,0.0003
Tian,Poppy,1,1.0,0.0003
Tian,Qiyana,15,0.7333,0.004
Tian,Sylas,1,0.0,0.0003
Tian,Taliyah,11,0.9091,0.0029
Tian,Talon,11,0.8182,0.0029
Tian,Viego,1,1.0,0.0003
Tian,Xin Zhao,6,0.8333,0.0016
Tian,Zed,1,1.0,0.0003
Trymbi,Amumu,6,0.5,0.0016
Trymbi,Brand,1,0.0,0.0003
Trymbi,Braum,1,1.0,0.0003
Trymbi,Graves,1,1.0,0.0003
Trymbi,Nami,5,0.8,0.0013
Trymbi,Pyke,2,0.0,0.0005
Trymbi,Rakan,6,0.8333,0.0016
Trymbi,Thresh,1,1.0,0.0003
Trymbi,Yuumi,4,1.0,0.0011
Trymbi,瓦洛兰之盾,1,0.0,0.0003
Unified,Aphelios,3,0.3333,0.0008
Unified,Ezreal,7,0.8571,0.0019
Unified,Jhin,3,1.0,0.0008
Unified,Kai'Sa,3,0.0,0.0008
Unified,Kalista,1,0.0,0.0003
Unified,Lucian,10,0.5,0.0026
Unified,Miss Fortune,18,0.7778,0.0048
Unified,Syndra,3,0.6667,0.0008
Unified,Thresh,1,1.0,0.0003
Unified,Tristana,10,0.6,0.0026
Unified,Yuumi,2,0.5,0.0005
Upset,Lucian,5,0.6,0.0013
Viper,Aphelios,6,0.6667,0.0016
Viper,Brand,1,0.0,0.0003
Viper,Draven,36,0.5,0.0095
Viper,Ezreal,5,0.4,0.0013
Viper,Jinx,6,0.5,0.0016
Viper,Kai'Sa,3,0.0,0.0008
Viper,Kog'Maw,1,1.0,0.0003
Viper,Lucian,38,0.7105,0.01
Viper,Miss Fortune,4,1.0,0.0011
Viper,Sylas,3,0.6667,0.0008
Viper,Talon,1,0.0,0.0003
Viper,Tristana,1,1.0,0.0003
Viper,Yasuo,1,0.0,0.0003
Viper,Ziggs,2,0.5,0.0005
Vsta,Alistar,1,1.0,0.0003
Vsta,Amumu,4,0.75,0.0011
Vsta,Ekko,1,1.0,0.0003
Vsta,Gragas,2,1.0,0.0005
Vsta,Kai'Sa,1,0.0,0.0003
Vsta,Karma,3,1.0,0.0008
Vsta,Lucian,1,0.0,0.0003
Vsta,Lulu,2,1.0,0.0005
Vsta,Miss Fortune,1,1.0,0.0003
Vsta,Nami,6,0.8333,0.0016
Vsta,Nautilus,1,1.0,0.0003
Vsta,Pyke,11,0.8182,0.0029
Vsta,Senna,1,1.0,0.0003
Vsta,Sylas,5,0.6,0.0013
Vsta,Thresh,1,1.0,0.0003
Vsta,Twisted Fate,1,0.0,0.0003
Vsta,Xerath,1,1.0,0.0003
Vsta,Yuumi,4,0.25,0.0011
Vulcan,Alistar,2,1.0,0.0005
Vulcan,Amumu,2,1.0,0.0005
Vulcan,Bard,4,0.75,0.0011
Vulcan,Janna,1,1.0,0.0003
Vulcan,Leona,3,0.6667,0.0008
Vulcan,Nami,13,0.6923,0.0034
Vulcan,Nautilus,2,0.5,0.0005
Vulcan,Rakan,5,0.4,0.0013
Vulcan,Thresh,2,1.0,0.0005
Wei,Camille,1,0.0,0.0003
Wei,Diana,2,1.0,0.0005
Wei,Ekko,19,0.6842,0.005
Wei,Evelynn,1,1.0,0.0003
Wei,Gragas,7,0.7143,0.0019
Wei,Graves,9,0.7778,0.0024
Wei,Hecarim,2,0.5,0.0005
Wei,Jarvan IV,4,1.0,0.0011
Wei,Kayn,7,0.7143,0.0019
Wei,Kha'Zix,1,0.0,0.0003
Wei,Kindred,1,1.0,0.0003
Wei,Lee Sin,13,0.6923,0.0034
Wei,Lillia,5,0.6,0.0013
Wei,Lissandra,1,1.0,0.0003
Wei,Qiyana,19,0.6316,0.005
Wei,Rek'Sai,1,1.0,0.0003
Wei,Sylas,1,0.0,0.0003
Wei,Talon,5,0.4,0.0013
Wei,Viego,10,0.6,0.0026
Wei,Zed,3,0.3333,0.0008
Willer,Diana,2,1.0,0.0005
Willer,Ekko,2,0.5,0.0005
Willer,Gragas,3,0.0,0.0008
Willer,Graves,1,1.0,0.0003
Willer,Lee Sin,11,0.5455,0.0029
Willer,Lillia,1,1.0,0.0003
Willer,Nidalee,1,1.0,0.0003
Willer,Qiyana,18,0.5,0.0048
Willer,Rumble,1,1.0,0.0003
Willer,Talon,3,0.6667,0.0008
Willer,Xin Zhao,1,1.0,0.0003
Xiaohu,Aatrox,11,0.6364,0.0029
Xiaohu,Akali,2,0.0,0.0005
Xiaohu,Camille,7,0.4286,0.0019
Xiaohu,Darius,2,0.5,0.0005
Xiaohu,Fiora,5,0.8,0.0013
Xiaohu,Gangplank,1,0.0,0.0003
Xiaohu,Gnar,3,0.6667,0.0008
Xiaohu,Gragas,1,1.0,0.0003
Xiaohu,Graves,1,1.0,0.0003
Xiaohu,Gwen,11,0.7273,0.0029
Xiaohu,Irelia,17,0.8824,0.0045
Xiaohu,Jayce,9,0.7778,0.0024
Xiaohu,Kalista,1,0.0,0.0003
Xiaohu,Kennen,7,0.7143,0.0019
Xiaohu,Lucian,3,0.6667,0.0008
Xiaohu,Qiyana,1,1.0,0.0003
Xiaohu,Ryze,1,1.0,0.0003
Xiaohu,Sett,1,1.0,0.0003
Xiaohu,Sylas,4,0.25,0.0011
Xiaohu,Taliyah,1,0.0,0.0003
Xiaohu,Tryndamere,3,1.0,0.0008
Xiaohu,Vayne,1,0.0,0.0003
Xiaohu,Vladimir,2,0.5,0.0005
Xiaohu,Yone,5,0.8,0.0013
Yutapon,Ezreal,1,1.0,0.0003
Yutapon,Jhin,3,0.6667,0.0008
Yutapon,Jinx,1,1.0,0.0003
Yutapon,Lucian,1,1.0,0.0003
Yutapon,Twitch,1,1.0,0.0003
Zven,Aphelios,12,0.4167,0.0032
Zven,Caitlyn,1,1.0,0.0003
Zven,Ezreal,6,0.3333,0.0016
Zven,Jhin,2,1.0,0.0005
Zven,Kai'Sa,3,1.0,0.0008
Zven,Lee Sin,3,0.6667,0.0008
Zven,Lucian,24,0.5,0.0063
Zven,Miss Fortune,8,0.375,0.0021
Zven,Samira,1,0.0,0.0003
Zven,Tristana,4,1.0,0.0011
Zven,Ziggs,4,0.0,0.0011
icon,Aatrox,4,0.75,0.0011
icon,Akali,2,0.0,0.0005
icon,Azir,1,0.0,0.0003
icon,Camille,1,0.0,0.0003
icon,Corki,1,1.0,0.0003
icon,Diana,1,0.0,0.0003
icon,Ekko,3,0.0,0.0008
icon,Ezreal,1,0.0,0.0003
icon,Fiora,2,0.5,0.0005
icon,Fizz,1,1.0,0.0003
icon,Galio,2,0.5,0.0005
icon,Graves,4,1.0,0.0011
icon,Gwen,2,0.5,0.0005
icon,Irelia,6,0.3333,0.0016
icon,Kassadin,2,0.5,0.0005
icon,LeBlanc,3,0.3333,0.0008
icon,Lee Sin,5,0.8,0.0013
icon,Lillia,1,0.0,0.0003
icon,Lucian,1,1.0,0.0003
icon,Orianna,1,1.0,0.0003
icon,Qiyana,4,0.5,0.0011
icon,Riven,1,1.0,0.0003
icon,Ryze,5,0.6,0.0013
icon,Seraphine,1,0.0,0.0003
icon,Sylas,11,0.5455,0.0029
icon,Syndra,2,1.0,0.0005
icon,Taliyah,2,0.5,0.0005
icon,Talon,2,1.0,0.0005
icon,Tryndamere,2,0.0,0.0005
icon,Twisted Fate,2,0.0,0.0005
icon,Vladimir,2,0.0,0.0005
icon,Wukong,1,1.0,0.0003
icon,Zed,3,0.6667,0.0008
icon,Zoe,5,0.8,0.0013
xiaolaohu,Aatrox,3,0.6667,0.0008
xiaolaohu,Camille,16,0.6875,0.0042
xiaolaohu,Fiora,17,0.4706,0.0045
xiaolaohu,Gnar,5,0.8,0.0013
xiaolaohu,Gwen,27,0.6296,0.0071
xiaolaohu,Irelia,2,1.0,0.0005
xiaolaohu,Jax,21,0.7619,0.0056
xiaolaohu,Jayce,30,0.4667,0.0079
xiaolaohu,Wukong,1,1.0,0.0003
yoHan,Aatrox,1,1.0,0.0003
yoHan,Diana,1,0.0,0.0003
yoHan,Ekko,4,0.75,0.0011
yoHan,Graves,3,0.6667,0.0008
yoHan,Kayn,1,0.0,0.0003
yoHan,Kindred,1,1.0,0.0003
yoHan,LeBlanc,1,1.0,0.0003
yoHan,Lee Sin,5,0.6,0.0013
yoHan,Miss Fortune,1,1.0,0.0003
yoHan,Qiyana,12,0.75,0.0032
yoHan,Sylas,1,0.0,0.0003
yoHan,Viego,1,1.0,0.0003
yoHan,Yone,1,1.0,0.0003
